#{"t_start": 1673895427.9746253, "env_id": "DeepRMSADPP-v0"}
r,l,t,episode_service_blocking_rate,bit_rate_blocking_rate,failure,episode_failure,failure_slots,episode_failure_slots,failure_disjointness,episode_failure_disjointness
18,50,0.270592,0.32,0.34419014084507044,0.32,"(0.32,)",0.0,0.0,0.32,0.32
-36,50,0.465014,0.86,0.5807524752475247,0.59,"(0.86,)",0.38,0.76,0.21,0.1
-22,50,0.694994,0.72,0.6611531437516306,0.6333333333333333,"(0.72,)",0.48,0.68,0.15333333333333332,0.04
-28,50,0.908882,0.78,0.7040647198105762,0.67,"(0.78,)",0.505,0.58,0.165,0.2
-34,50,1.112837,0.84,0.7379871654406011,0.704,"(0.84,)",0.516,0.56,0.188,0.28
-30,50,1.310781,0.8,0.7560745952449455,0.72,"(0.8,)",0.5333333333333333,0.62,0.18666666666666668,0.18
-34,50,1.517526,0.84,0.7734331234454478,0.7371428571428571,"(0.84,)",0.5657142857142857,0.76,0.17142857142857143,0.08
-34,50,1.722791,0.84,0.7853820729510954,0.75,"(0.84,)",0.5725,0.62,0.1775,0.22
-18,50,1.959355,0.68,0.784222410386678,0.7422222222222222,"(0.68,)",0.5733333333333334,0.58,0.1688888888888889,0.1
-26,50,2.168908,0.76,0.7863130278986434,0.744,"(0.76,)",0.57,0.54,0.174,0.22
-32,50,2.392057,0.82,0.7953507199444863,0.7509090909090909,"(0.82,)",0.5836363636363636,0.72,0.16727272727272727,0.1
-34,50,2.625786,0.84,0.8022960533276902,0.7583333333333333,"(0.84,)",0.5883333333333334,0.64,0.17,0.2
-28,50,2.842382,0.78,0.8054993934492519,0.76,"(0.78,)",0.5984615384615385,0.72,0.16153846153846155,0.06
-34,50,3.060048,0.84,0.8089357727096671,0.7657142857142857,"(0.84,)",0.6028571428571429,0.66,0.16285714285714287,0.18
-32,50,3.264013,0.82,0.8136759396899554,0.7693333333333333,"(0.82,)",0.6066666666666667,0.66,0.16266666666666665,0.16
-30,50,3.467434,0.8,0.8155831997051881,0.77125,"(0.8,)",0.6175,0.78,0.15375,0.02
-34,50,3.680009,0.84,0.8181699480512213,0.7752941176470588,"(0.84,)",0.6247058823529412,0.74,0.15058823529411763,0.1
-24,50,3.894782,0.74,0.8175698328951315,0.7733333333333333,"(0.74,)",0.6233333333333333,0.6,0.15,0.14
-28,50,4.109758,0.78,0.8173442233342817,0.7736842105263158,"(0.78,)",0.6252631578947369,0.66,0.14842105263157895,0.12
-32,50,4.315757,0.82,0.8194405827726186,0.776,"(0.82,)",0.631,0.74,0.145,0.08
-28,50,4.534655,0.78,0.8198673591447996,0.7761904761904762,"(0.78,)",0.6342857142857142,0.7,0.1419047619047619,0.08
-30,50,4.752298,0.8,0.8196995475113122,0.7772727272727272,"(0.8,)",0.6318181818181818,0.58,0.14545454545454545,0.22
-34,50,4.947542,0.84,0.8226136206658379,0.78,"(0.84,)",0.6347826086956522,0.7,0.14521739130434783,0.14
-28,50,5.174325,0.78,0.8232039079151167,0.78,"(0.78,)",0.6325,0.58,0.1475,0.2
-24,50,5.395934,0.74,0.8221728558516124,0.7784,"(0.74,)",0.628,0.52,0.1504,0.22
-26,50,5.615046,0.76,0.8219982847341338,0.7776923076923077,"(0.76,)",0.6276923076923077,0.62,0.15,0.14
-26,50,5.825872,0.76,0.8215465532015483,0.7770370370370371,"(0.76,)",0.6229629629629629,0.5,0.15407407407407409,0.26
-34,50,6.016393,0.84,0.8233153362493165,0.7792857142857142,"(0.84,)",0.6264285714285714,0.72,0.15285714285714286,0.12
-26,50,6.253885,0.76,0.8226033731119821,0.7786206896551724,"(0.76,)",0.6255172413793103,0.6,0.15310344827586206,0.16
-16,50,6.478498,0.66,0.8195152823796582,0.7746666666666666,"(0.66,)",0.624,0.58,0.15066666666666667,0.08
-26,50,6.700283,0.76,0.8195695321562056,0.7741935483870968,"(0.76,)",0.6225806451612903,0.58,0.15161290322580645,0.18
-18,50,6.922292,0.68,0.8165304949653949,0.77125,"(0.68,)",0.619375,0.52,0.151875,0.16
-32,50,7.129771,0.82,0.8181897462233894,0.7727272727272727,"(0.82,)",0.6212121212121212,0.68,0.15151515151515152,0.14
-16,50,7.359767,0.66,0.8154174985320023,0.7694117647058824,"(0.66,)",0.6170588235294118,0.48,0.15235294117647058,0.18
-30,50,7.564433,0.8,0.815527198849499,0.7702857142857142,"(0.8,)",0.6171428571428571,0.62,0.15314285714285714,0.18
-32,50,7.772051,0.82,0.8163504948293117,0.7716666666666666,"(0.82,)",0.6183333333333333,0.66,0.15333333333333332,0.16
-36,50,7.95768,0.86,0.8184428817327071,0.774054054054054,"(0.86,)",0.6216216216216216,0.74,0.15243243243243243,0.12
-30,50,8.158649,0.8,0.8184304879896308,0.7747368421052632,"(0.8,)",0.6221052631578947,0.64,0.15263157894736842,0.16
-22,50,8.382025,0.72,0.8176590887667572,0.7733333333333333,"(0.72,)",0.6225641025641026,0.64,0.15076923076923077,0.08
-32,50,8.582032,0.82,0.8185263729636685,0.7745,"(0.82,)",0.6245,0.7,0.15,0.12
-28,50,8.791342,0.78,0.8192217449936471,0.7746341463414634,"(0.78,)",0.6268292682926829,0.72,0.14780487804878048,0.06
-36,50,8.977908,0.86,0.8210075516844599,0.7766666666666666,"(0.86,)",0.6309523809523809,0.8,0.1457142857142857,0.06
-30,50,9.174933,0.8,0.8222594266793162,0.7772093023255814,"(0.8,)",0.6334883720930232,0.74,0.14372093023255814,0.06
-38,50,9.375235,0.88,0.824531015099026,0.7795454545454545,"(0.88,)",0.6372727272727273,0.8,0.14227272727272727,0.08
-28,50,9.592984,0.78,0.8243232670943514,0.7795555555555556,"(0.78,)",0.6364444444444445,0.6,0.1431111111111111,0.18
-24,50,9.818669,0.74,0.8240759744664568,0.778695652173913,"(0.74,)",0.6378260869565218,0.7,0.1408695652173913,0.04
-28,50,10.026675,0.78,0.8247058823529412,0.7787234042553192,"(0.78,)",0.6370212765957447,0.6,0.14170212765957446,0.18
-20,50,10.255602,0.7,0.8237656634893434,0.7770833333333333,"(0.7,)",0.635,0.54,0.14208333333333334,0.16
-32,50,10.467492,0.82,0.8245934845913179,0.7779591836734694,"(0.82,)",0.6342857142857142,0.6,0.1436734693877551,0.22
-26,50,10.687638,0.76,0.8245317022554749,0.7776,"(0.76,)",0.634,0.62,0.1436,0.14
-32,50,10.891943,0.82,0.8255519203458732,0.7784313725490196,"(0.82,)",0.636078431372549,0.74,0.1423529411764706,0.08
-32,50,11.098234,0.82,0.8266286395842153,0.7792307692307693,"(0.82,)",0.6376923076923077,0.72,0.14153846153846153,0.1
-14,50,11.334253,0.64,0.823698029507392,0.7766037735849056,"(0.64,)",0.6354716981132076,0.52,0.14113207547169812,0.12
-32,50,11.537702,0.82,0.8242045636913713,0.7774074074074074,"(0.82,)",0.6370370370370371,0.72,0.14037037037037037,0.1
-26,50,11.751634,0.76,0.8237262912168077,0.777090909090909,"(0.76,)",0.6367272727272727,0.62,0.14036363636363636,0.14
-36,50,11.9386,0.86,0.8251721006448581,0.7785714285714286,"(0.86,)",0.6385714285714286,0.74,0.14,0.12
-30,50,12.148081,0.8,0.8250964174134497,0.7789473684210526,"(0.8,)",0.6364912280701754,0.52,0.1424561403508772,0.28
-24,50,12.36249,0.74,0.8253223039893764,0.7782758620689655,"(0.74,)",0.6358620689655172,0.6,0.1424137931034483,0.14
-28,50,12.568692,0.78,0.8253887476800322,0.7783050847457628,"(0.78,)",0.6366101694915254,0.68,0.14169491525423727,0.1
-24,50,12.800191,0.74,0.8242953009363891,0.7776666666666666,"(0.74,)",0.635,0.54,0.14266666666666666,0.2
-28,50,13.000768,0.78,0.8242824700870219,0.7777049180327869,"(0.78,)",0.6350819672131147,0.64,0.14262295081967213,0.14
-18,50,13.241054,0.68,0.8220014804308778,0.7761290322580645,"(0.68,)",0.6325806451612903,0.48,0.1435483870967742,0.2
-34,50,13.43702,0.84,0.8227399799369592,0.7771428571428571,"(0.84,)",0.6346031746031746,0.76,0.14253968253968255,0.08
-28,50,13.647402,0.78,0.8225449200181612,0.7771875,"(0.78,)",0.63375,0.58,0.1434375,0.2
-18,50,13.874513,0.68,0.8216021335440538,0.7756923076923077,"(0.68,)",0.6332307692307693,0.6,0.14246153846153847,0.08
-18,50,14.100855,0.68,0.8198840284891827,0.7742424242424243,"(0.68,)",0.6324242424242424,0.58,0.14181818181818182,0.1
-34,50,14.298764,0.84,0.8207125881631402,0.775223880597015,"(0.84,)",0.6334328358208955,0.7,0.1417910447761194,0.14
-34,50,14.501881,0.84,0.8210919542942368,0.7761764705882352,"(0.84,)",0.633235294117647,0.62,0.14294117647058824,0.22
-18,50,14.732785,0.68,0.8198253537250194,0.7747826086956522,"(0.68,)",0.6310144927536232,0.48,0.14376811594202898,0.2
-14,50,14.96804,0.64,0.817819002532203,0.7728571428571429,"(0.64,)",0.6285714285714286,0.46,0.1442857142857143,0.18
-28,50,15.172667,0.78,0.8173020574306666,0.7729577464788733,"(0.78,)",0.6290140845070422,0.66,0.14394366197183098,0.12
-36,50,15.397902,0.86,0.8180153961697334,0.7741666666666667,"(0.86,)",0.63,0.7,0.14416666666666667,0.16
-28,50,15.604342,0.78,0.8183341712753478,0.7742465753424658,"(0.78,)",0.6301369863013698,0.64,0.1441095890410959,0.14
-26,50,15.803248,0.76,0.81805630146309,0.774054054054054,"(0.76,)",0.6294594594594595,0.58,0.1445945945945946,0.18
-32,50,16.012052,0.82,0.8188619638024394,0.7746666666666666,"(0.82,)",0.6301333333333333,0.68,0.14453333333333335,0.14
-30,50,16.251675,0.8,0.8190247412643654,0.775,"(0.8,)",0.6305263157894737,0.66,0.1444736842105263,0.14
-26,50,16.469919,0.76,0.8187770463317238,0.7748051948051948,"(0.76,)",0.6311688311688312,0.68,0.14363636363636365,0.08
-34,50,16.665412,0.84,0.8194999629113747,0.7756410256410257,"(0.84,)",0.6323076923076923,0.72,0.14333333333333334,0.12
-24,50,16.891494,0.74,0.8191052447524012,0.7751898734177215,"(0.74,)",0.6313924050632911,0.56,0.14379746835443039,0.18
-24,50,17.115916,0.74,0.8189636650234435,0.77475,"(0.74,)",0.6325,0.72,0.14225,0.02
-36,50,17.330785,0.86,0.819824199372991,0.7758024691358024,"(0.86,)",0.634320987654321,0.78,0.14148148148148149,0.08
-24,50,17.545959,0.74,0.8195259314999236,0.7753658536585366,"(0.74,)",0.6339024390243903,0.6,0.14146341463414633,0.14
-34,50,17.745783,0.84,0.8199875409176385,0.776144578313253,"(0.84,)",0.6332530120481927,0.58,0.14289156626506025,0.26
-6,50,18.000043,0.56,0.8179737205953503,0.7735714285714286,"(0.56,)",0.6295238095238095,0.32,0.14404761904761904,0.24
-30,50,18.20274,0.8,0.81861190096073,0.7738823529411765,"(0.8,)",0.6289411764705882,0.58,0.14494117647058824,0.22
-32,50,18.400294,0.82,0.8190469609906497,0.7744186046511627,"(0.82,)",0.6297674418604651,0.7,0.14465116279069767,0.12
-26,50,18.629946,0.76,0.8191064340441244,0.7742528735632184,"(0.76,)",0.6271264367816092,0.4,0.1471264367816092,0.36
-26,50,18.832171,0.76,0.8189556523659433,0.774090909090909,"(0.76,)",0.6254545454545455,0.48,0.14863636363636365,0.28
-24,50,19.051493,0.74,0.8189281847708408,0.7737078651685393,"(0.74,)",0.6262921348314606,0.7,0.14741573033707867,0.04
-30,50,19.259374,0.8,0.81919046310734,0.774,"(0.8,)",0.6271111111111111,0.7,0.1468888888888889,0.1
-30,50,19.464031,0.8,0.8194727132269682,0.7742857142857142,"(0.8,)",0.6272527472527473,0.64,0.14703296703296703,0.16
-30,50,19.688182,0.8,0.819687143510007,0.7745652173913044,"(0.8,)",0.6273913043478261,0.64,0.14717391304347827,0.16
-36,50,19.87307,0.86,0.8206810075406873,0.775483870967742,"(0.86,)",0.6277419354838709,0.66,0.14774193548387096,0.2
-30,50,20.092575,0.8,0.8210314621742003,0.7757446808510639,"(0.8,)",0.6272340425531915,0.58,0.14851063829787234,0.22
-24,50,20.320019,0.74,0.8205635804250565,0.7753684210526316,"(0.74,)",0.6267368421052631,0.58,0.14863157894736842,0.16
-32,50,20.518778,0.82,0.8210177663364485,0.7758333333333334,"(0.82,)",0.625625,0.52,0.15020833333333333,0.3
-32,50,20.720028,0.82,0.82132997169816,0.7762886597938145,"(0.82,)",0.6261855670103093,0.68,0.15010309278350514,0.14
-30,50,20.921899,0.8,0.8215184306596193,0.7765306122448979,"(0.8,)",0.6265306122448979,0.66,0.15,0.14
-26,50,21.142152,0.76,0.821285218562254,0.7763636363636364,"(0.76,)",0.6268686868686869,0.66,0.1494949494949495,0.1
-26,50,21.351517,0.76,0.8212314851015555,0.7762,"(0.76,)",0.626,0.54,0.1502,0.22
-16,50,21.574242,0.66,0.8204035881549032,0.7750495049504951,"(0.66,)",0.6253465346534653,0.56,0.1497029702970297,0.1
-28,50,21.792907,0.78,0.8204977642684887,0.7750980392156863,"(0.78,)",0.6258823529411764,0.68,0.1492156862745098,0.1
-26,50,22.005048,0.76,0.8204071280078674,0.7749514563106796,"(0.76,)",0.6244660194174757,0.48,0.15048543689320387,0.28
-22,50,22.234454,0.72,0.8197744346989378,0.7744230769230769,"(0.72,)",0.6236538461538461,0.54,0.15076923076923077,0.18
-26,50,22.457323,0.76,0.8196568891630166,0.7742857142857142,"(0.76,)",0.6236190476190476,0.62,0.15066666666666667,0.14
-20,50,22.676839,0.7,0.8190517070693483,0.7735849056603774,"(0.7,)",0.6237735849056604,0.64,0.14981132075471698,0.06
-24,50,22.894327,0.74,0.8190054328619263,0.7732710280373831,"(0.74,)",0.6239252336448599,0.64,0.14934579439252335,0.1
-22,50,23.12447,0.72,0.8186456448924895,0.7727777777777778,"(0.72,)",0.6240740740740741,0.64,0.1487037037037037,0.08
-34,50,23.334785,0.84,0.8192554549572605,0.773394495412844,"(0.84,)",0.6253211009174312,0.76,0.14807339449541285,0.08
-26,50,23.554143,0.76,0.8190322068486346,0.7732727272727272,"(0.76,)",0.624,0.48,0.14927272727272728,0.28
-24,50,23.762475,0.74,0.8188924780536527,0.772972972972973,"(0.74,)",0.6236036036036036,0.58,0.14936936936936937,0.16
-30,50,23.982406,0.8,0.8190138922049532,0.7732142857142857,"(0.8,)",0.62375,0.64,0.14946428571428572,0.16
-28,50,24.192554,0.78,0.8191661763350607,0.7732743362831859,"(0.78,)",0.6235398230088496,0.6,0.1497345132743363,0.18
-38,50,24.392867,0.88,0.8200134903459712,0.7742105263157895,"(0.88,)",0.6249122807017544,0.78,0.1492982456140351,0.1
-30,50,24.610821,0.8,0.8203324870516111,0.7744347826086957,"(0.8,)",0.6250434782608696,0.64,0.14939130434782608,0.16
-26,50,24.821288,0.76,0.8205690123963119,0.7743103448275862,"(0.76,)",0.6243103448275862,0.54,0.15,0.22
-16,50,25.058272,0.66,0.8198014566784061,0.7733333333333333,"(0.66,)",0.6227350427350428,0.44,0.1505982905982906,0.22
-32,50,25.261834,0.82,0.8202475381352996,0.773728813559322,"(0.82,)",0.6240677966101695,0.78,0.14966101694915254,0.04
-22,50,25.503669,0.72,0.8201880683615705,0.7732773109243698,"(0.72,)",0.6242016806722689,0.64,0.14907563025210083,0.08
-24,50,25.731653,0.74,0.8195973276250021,0.773,"(0.74,)",0.6238333333333334,0.58,0.14916666666666667,0.16
-22,50,25.947356,0.72,0.8191477809941761,0.7725619834710744,"(0.72,)",0.6231404958677685,0.54,0.14942148760330579,0.18
-36,50,26.157211,0.86,0.8194829002266829,0.7732786885245901,"(0.86,)",0.6232786885245901,0.64,0.15,0.22
-30,50,26.373093,0.8,0.8196327353950187,0.7734959349593495,"(0.8,)",0.6227642276422765,0.56,0.15073170731707317,0.24
-28,50,26.580189,0.78,0.8196538954546454,0.7735483870967742,"(0.78,)",0.6216129032258064,0.48,0.15193548387096775,0.3
-34,50,26.777687,0.84,0.8200871009742737,0.77408,"(0.84,)",0.6208,0.52,0.15328,0.32
-38,50,26.965923,0.88,0.8209059437295396,0.7749206349206349,"(0.88,)",0.6220634920634921,0.78,0.15285714285714286,0.1
-28,50,27.183585,0.78,0.8209094236278506,0.7749606299212598,"(0.78,)",0.6214173228346457,0.54,0.15354330708661418,0.24
-24,50,27.396287,0.74,0.8209521305235216,0.7746875,"(0.74,)",0.62140625,0.62,0.15328125,0.12
-32,50,27.605183,0.82,0.8210289993899704,0.7750387596899225,"(0.82,)",0.6213953488372093,0.62,0.15364341085271319,0.2
-26,50,27.813334,0.76,0.821083480977621,0.7749230769230769,"(0.76,)",0.6216923076923077,0.66,0.15323076923076923,0.1
-30,50,28.010359,0.8,0.8213657373988494,0.7751145038167939,"(0.8,)",0.6216793893129771,0.62,0.1534351145038168,0.18
-28,50,28.222632,0.78,0.8214832305741396,0.7751515151515151,"(0.78,)",0.6218181818181818,0.64,0.15333333333333332,0.14
-34,50,28.419335,0.84,0.8218434387580039,0.7756390977443609,"(0.84,)",0.6219548872180451,0.64,0.15368421052631578,0.2
-24,50,28.649737,0.74,0.8216954667527978,0.7753731343283582,"(0.74,)",0.621044776119403,0.5,0.1543283582089552,0.24
-24,50,28.861175,0.74,0.8214893753428171,0.7751111111111111,"(0.74,)",0.6198518518518519,0.46,0.15525925925925926,0.28
-26,50,29.080481,0.76,0.8215005934343881,0.775,"(0.76,)",0.6197058823529412,0.6,0.15529411764705883,0.16
-28,50,29.301369,0.78,0.8215652495500071,0.775036496350365,"(0.78,)",0.6197080291970803,0.62,0.15532846715328466,0.16
-30,50,29.519201,0.8,0.8217834320901591,0.7752173913043479,"(0.8,)",0.6191304347826087,0.54,0.15608695652173912,0.26
-24,50,29.757178,0.74,0.8216084836501937,0.7749640287769785,"(0.74,)",0.6192805755395684,0.64,0.15568345323741006,0.1
-28,50,29.973803,0.78,0.8215774616932576,0.775,"(0.78,)",0.6197142857142857,0.68,0.15528571428571428,0.1
-22,50,30.218636,0.72,0.8211423979011289,0.7746099290780142,"(0.72,)",0.6184397163120567,0.44,0.15617021276595744,0.28
-24,50,30.435507,0.74,0.8212162037131064,0.7743661971830986,"(0.74,)",0.6184507042253521,0.62,0.15591549295774648,0.12
-30,50,30.646876,0.8,0.8211980627185351,0.7745454545454545,"(0.8,)",0.6188811188811189,0.68,0.15566433566433566,0.12
-30,50,30.85359,0.8,0.8211864255970388,0.7747222222222222,"(0.8,)",0.6188888888888889,0.62,0.15583333333333332,0.18
-24,50,31.066002,0.74,0.8209616244596453,0.7744827586206896,"(0.74,)",0.6186206896551724,0.58,0.15586206896551724,0.16
-34,50,31.27928,0.84,0.82136537708414,0.7749315068493151,"(0.84,)",0.6195890410958904,0.76,0.15534246575342467,0.08
-24,50,31.506115,0.74,0.8212554015835563,0.7746938775510204,"(0.74,)",0.6194557823129252,0.6,0.15523809523809523,0.14
-20,50,31.749883,0.7,0.8208064634880488,0.7741891891891892,"(0.7,)",0.6185135135135135,0.48,0.15567567567567567,0.22
-24,50,31.964598,0.74,0.8206046663768652,0.7739597315436242,"(0.74,)",0.6175838926174496,0.48,0.1563758389261745,0.26
-26,50,32.189547,0.76,0.8206347085887112,0.7738666666666667,"(0.76,)",0.6169333333333333,0.52,0.15693333333333334,0.24
-34,50,32.385362,0.84,0.821057457212714,0.7743046357615894,"(0.84,)",0.6174834437086093,0.7,0.15682119205298015,0.14
-30,50,32.591633,0.8,0.8212777842184585,0.7744736842105263,"(0.8,)",0.6182894736842105,0.74,0.1561842105263158,0.06
-28,50,32.801721,0.78,0.821218625982974,0.7745098039215687,"(0.78,)",0.6186928104575163,0.68,0.15581699346405228,0.1
-16,50,33.029497,0.66,0.820677070918302,0.7737662337662338,"(0.66,)",0.6179220779220779,0.5,0.15584415584415584,0.16
-30,50,33.249217,0.8,0.8208340098808691,0.7739354838709678,"(0.8,)",0.6184516129032258,0.7,0.15548387096774194,0.1
-38,50,33.440515,0.88,0.821431983603947,0.7746153846153846,"(0.88,)",0.6198717948717949,0.84,0.15474358974358973,0.04
-36,50,33.645759,0.86,0.8218768044823597,0.7751592356687899,"(0.86,)",0.6201273885350318,0.66,0.15503184713375795,0.2
-30,50,33.837597,0.8,0.8218802469598665,0.7753164556962026,"(0.8,)",0.619746835443038,0.56,0.15556962025316456,0.24
-36,50,34.036148,0.86,0.8222999812760852,0.7758490566037736,"(0.86,)",0.6205031446540881,0.74,0.15534591194968553,0.12
-26,50,34.263665,0.76,0.8223814679108375,0.77575,"(0.76,)",0.6205,0.62,0.15525,0.14
-26,50,34.473706,0.76,0.8223524276642263,0.7756521739130435,"(0.76,)",0.6206211180124224,0.64,0.1550310559006211,0.12
-28,50,34.672317,0.78,0.8222941311934594,0.775679012345679,"(0.78,)",0.6204938271604938,0.6,0.15518518518518518,0.18
-36,50,34.857102,0.86,0.8228380923746275,0.7761963190184049,"(0.86,)",0.6215950920245399,0.8,0.15460122699386503,0.06
-28,50,35.066619,0.78,0.8228061810706665,0.776219512195122,"(0.78,)",0.6213414634146341,0.58,0.1548780487804878,0.2
-28,50,35.289553,0.78,0.8229371607252105,0.7762424242424243,"(0.78,)",0.6213333333333333,0.62,0.1549090909090909,0.16
-20,50,35.508053,0.7,0.8226115095752131,0.7757831325301204,"(0.7,)",0.6204819277108434,0.48,0.15530120481927712,0.22
-24,50,35.73589,0.74,0.8224122350871431,0.7755688622754491,"(0.74,)",0.6203592814371257,0.6,0.15520958083832334,0.14
-26,50,35.952765,0.76,0.8222847575282602,0.7754761904761904,"(0.76,)",0.6202380952380953,0.6,0.15523809523809523,0.16
-26,50,36.180314,0.76,0.8220170465326321,0.7753846153846153,"(0.76,)",0.6188165680473373,0.38,0.1565680473372781,0.38
-20,50,36.42312,0.7,0.8217313579268609,0.7749411764705882,"(0.7,)",0.6178823529411764,0.46,0.15705882352941178,0.24
-26,50,36.635987,0.76,0.8215507539950484,0.7748538011695907,"(0.76,)",0.6177777777777778,0.6,0.15707602339181287,0.16
-36,50,36.828505,0.86,0.8219754827086515,0.7753488372093024,"(0.86,)",0.6180232558139535,0.66,0.15732558139534883,0.2
-26,50,37.024809,0.76,0.8220637963381806,0.7752601156069364,"(0.76,)",0.6175722543352601,0.54,0.1576878612716763,0.22
-40,50,37.21303,0.9,0.8227642141592937,0.7759770114942529,"(0.9,)",0.618735632183908,0.82,0.15724137931034482,0.08
-32,50,37.422984,0.82,0.8227753454933302,0.7762285714285714,"(0.82,)",0.6185142857142857,0.58,0.15771428571428572,0.24
-38,50,37.615352,0.88,0.8233984950903301,0.7768181818181819,"(0.88,)",0.6192045454545455,0.74,0.15761363636363637,0.14
-30,50,37.81339,0.8,0.8233921769670929,0.7769491525423728,"(0.8,)",0.6194350282485875,0.66,0.1575141242937853,0.14
-34,50,38.003616,0.84,0.8235574231204777,0.7773033707865169,"(0.84,)",0.6201123595505618,0.74,0.15719101123595505,0.1
-32,50,38.209,0.82,0.8237571662351707,0.7775418994413408,"(0.82,)",0.6205586592178771,0.7,0.1569832402234637,0.12
-22,50,38.442892,0.72,0.8234447035369088,0.7772222222222223,"(0.72,)",0.62,0.52,0.15722222222222224,0.2
-22,50,38.66915,0.72,0.8231308779441738,0.7769060773480663,"(0.72,)",0.6194475138121547,0.52,0.1574585635359116,0.2
-30,50,38.875078,0.8,0.8233014342690529,0.777032967032967,"(0.8,)",0.6195604395604396,0.64,0.15747252747252746,0.16
-22,50,39.08675,0.72,0.8228908340689056,0.7767213114754098,"(0.72,)",0.619344262295082,0.58,0.15737704918032788,0.14
-32,50,39.300911,0.82,0.822972692790848,0.7769565217391304,"(0.82,)",0.618804347826087,0.52,0.15815217391304348,0.3
-22,50,39.531916,0.72,0.822644948566498,0.7766486486486487,"(0.72,)",0.6187027027027027,0.6,0.15794594594594594,0.12
-16,50,39.779261,0.66,0.8220537882142912,0.7760215053763441,"(0.66,)",0.6178494623655914,0.46,0.1581720430107527,0.2
-24,50,39.983876,0.74,0.8218425623697996,0.7758288770053476,"(0.74,)",0.6175401069518717,0.56,0.15828877005347594,0.18
-38,50,40.179765,0.88,0.8223428750203527,0.7763829787234042,"(0.88,)",0.6180851063829788,0.72,0.15829787234042553,0.16
-26,50,40.394667,0.76,0.8222329847572535,0.7762962962962963,"(0.76,)",0.6174603174603175,0.5,0.15883597883597883,0.26
-24,50,40.613534,0.74,0.822202211005063,0.7761052631578947,"(0.74,)",0.6173684210526316,0.6,0.15873684210526315,0.14
-24,50,40.822597,0.74,0.8221393546458964,0.7759162303664922,"(0.74,)",0.6173821989528796,0.62,0.15853403141361255,0.12
-14,50,41.052713,0.64,0.8215025848308145,0.7752083333333334,"(0.64,)",0.6165625,0.46,0.15864583333333335,0.18
-22,50,41.271286,0.72,0.8213189082159549,0.7749222797927461,"(0.72,)",0.616580310880829,0.62,0.1583419689119171,0.1
-28,50,41.486687,0.78,0.8212600684027213,0.7749484536082474,"(0.78,)",0.61659793814433,0.62,0.1583505154639175,0.16
-36,50,41.688704,0.86,0.8216155329268945,0.7753846153846153,"(0.86,)",0.6175384615384616,0.8,0.15784615384615386,0.06
-30,50,41.895927,0.8,0.8218467571283792,0.7755102040816326,"(0.8,)",0.6174489795918368,0.6,0.15806122448979593,0.2
-24,50,42.10342,0.74,0.8218987023491492,0.7753299492385787,"(0.74,)",0.6170558375634517,0.54,0.1582741116751269,0.2
-34,50,42.31377,0.84,0.8222817361849301,0.7756565656565657,"(0.84,)",0.6178787878787879,0.78,0.15777777777777777,0.06
-28,50,42.53197,0.78,0.8221479835912212,0.775678391959799,"(0.78,)",0.6179899497487438,0.64,0.15768844221105527,0.14
-20,50,42.760396,0.7,0.8216706804385541,0.7753,"(0.7,)",0.6171,0.44,0.1582,0.26
-20,50,42.972698,0.7,0.8210909717469237,0.7749253731343284,"(0.7,)",0.6167164179104477,0.54,0.1582089552238806,0.16
-18,50,43.201151,0.68,0.820748477820924,0.7744554455445545,"(0.68,)",0.6163366336633663,0.54,0.15811881188118812,0.14
-30,50,43.417255,0.8,0.8208549855195656,0.7745812807881773,"(0.8,)",0.6163546798029557,0.62,0.15822660098522168,0.18
-34,50,43.612472,0.84,0.8212771110675987,0.7749019607843137,"(0.84,)",0.6169607843137255,0.74,0.15794117647058822,0.1
-28,50,43.816562,0.78,0.8212016684316852,0.7749268292682927,"(0.78,)",0.6172682926829268,0.68,0.15765853658536585,0.1
-32,50,44.007024,0.82,0.8214849367501563,0.7751456310679612,"(0.82,)",0.6177669902912621,0.72,0.15737864077669902,0.1
-26,50,44.221614,0.76,0.8214136276570025,0.7750724637681159,"(0.76,)",0.6176811594202899,0.6,0.15739130434782608,0.16
-22,50,44.453007,0.72,0.8213676993436833,0.7748076923076923,"(0.72,)",0.6177884615384616,0.64,0.15701923076923077,0.08
-34,50,44.646301,0.84,0.8216325891637531,0.7751196172248804,"(0.84,)",0.6178947368421053,0.64,0.15722488038277513,0.2
-24,50,44.854944,0.74,0.8214681893329829,0.774952380952381,"(0.74,)",0.6176190476190476,0.56,0.15733333333333333,0.18
-20,50,45.077495,0.7,0.8210820417391331,0.7745971563981042,"(0.7,)",0.6172511848341232,0.54,0.15734597156398103,0.16
-30,50,45.287524,0.8,0.821107494322483,0.7747169811320754,"(0.8,)",0.6176415094339622,0.7,0.1570754716981132,0.1
-28,50,45.510847,0.78,0.821274597943769,0.7747417840375587,"(0.78,)",0.6175586854460093,0.6,0.1571830985915493,0.18
-26,50,45.723608,0.76,0.8212520438694413,0.7746728971962616,"(0.76,)",0.617196261682243,0.54,0.1574766355140187,0.22
-26,50,45.926284,0.76,0.8209967776808703,0.7746046511627906,"(0.76,)",0.6166511627906976,0.5,0.15795348837209303,0.26
-32,50,46.148459,0.82,0.8212953928814873,0.7748148148148148,"(0.82,)",0.6166666666666667,0.62,0.15814814814814815,0.2
-18,50,46.396949,0.68,0.8207712034413583,0.7743778801843318,"(0.68,)",0.6163133640552996,0.54,0.15806451612903225,0.14
-20,50,46.63432,0.7,0.8203901875944314,0.7740366972477064,"(0.7,)",0.6160550458715597,0.56,0.15798165137614678,0.14
-32,50,46.839026,0.82,0.8204832872077146,0.7742465753424658,"(0.82,)",0.6158904109589041,0.58,0.15835616438356165,0.24
-26,50,47.039801,0.76,0.8205119986946539,0.7741818181818182,"(0.76,)",0.6156363636363636,0.56,0.15854545454545454,0.2
-20,50,47.280522,0.7,0.8201326771245412,0.7738461538461539,"(0.7,)",0.6157466063348417,0.64,0.15809954751131222,0.06
-28,50,47.500206,0.78,0.8201856885300091,0.7738738738738739,"(0.78,)",0.6155855855855856,0.58,0.15828828828828828,0.2
-32,50,47.701486,0.82,0.8203006043848259,0.7740807174887893,"(0.82,)",0.6157847533632287,0.66,0.15829596412556055,0.16
-30,50,47.899743,0.8,0.820412356971546,0.7741964285714286,"(0.8,)",0.6161607142857143,0.7,0.15803571428571428,0.1
-32,50,48.093216,0.82,0.8206043959957661,0.7744,"(0.82,)",0.6161777777777778,0.62,0.1582222222222222,0.2
-26,50,48.297388,0.76,0.8203110765454751,0.7743362831858407,"(0.76,)",0.616283185840708,0.64,0.15805309734513273,0.12
-36,50,48.504738,0.86,0.8206456814773604,0.7747136563876652,"(0.86,)",0.6167400881057269,0.72,0.15797356828193831,0.14
-38,50,48.701576,0.88,0.821065772197027,0.7751754385964912,"(0.88,)",0.6176315789473684,0.82,0.15754385964912282,0.06
-32,50,48.899844,0.82,0.8212780908706595,0.7753711790393013,"(0.82,)",0.6178165938864629,0.66,0.15755458515283843,0.16
-30,50,49.111398,0.8,0.8213247965733981,0.7754782608695652,"(0.8,)",0.6175652173913043,0.56,0.15791304347826088,0.24
-28,50,49.326009,0.78,0.8214124559700882,0.7754978354978355,"(0.78,)",0.6178354978354978,0.68,0.15766233766233767,0.1
-24,50,49.552266,0.74,0.8213622875249101,0.7753448275862069,"(0.74,)",0.6179310344827587,0.64,0.15741379310344827,0.1
-38,50,49.757867,0.88,0.8217606999069215,0.775793991416309,"(0.88,)",0.6183690987124464,0.72,0.15742489270386267,0.16
-26,50,49.974632,0.76,0.8217673982506137,0.7757264957264958,"(0.76,)",0.6185470085470085,0.66,0.15717948717948718,0.1
-28,50,50.189202,0.78,0.8218177475217963,0.7757446808510639,"(0.78,)",0.6180425531914894,0.5,0.15770212765957448,0.28
-28,50,50.400233,0.78,0.8218591424466221,0.7757627118644068,"(0.78,)",0.6184745762711864,0.72,0.15728813559322033,0.06
-42,50,50.59149,0.92,0.8223621475988638,0.7763713080168776,"(0.92,)",0.619493670886076,0.86,0.1568776371308017,0.06
-24,50,50.811594,0.74,0.8222860508655281,0.776218487394958,"(0.74,)",0.6194957983193278,0.62,0.15672268907563025,0.12
-30,50,51.008535,0.8,0.8222295000993252,0.7763179916317992,"(0.8,)",0.6189958158995816,0.5,0.15732217573221757,0.3
-30,50,51.204667,0.8,0.8222786160361015,0.7764166666666666,"(0.8,)",0.619,0.62,0.15741666666666668,0.18
-22,50,51.442505,0.72,0.8220188809695079,0.7761825726141078,"(0.72,)",0.6188381742738589,0.58,0.15734439834024896,0.14
-24,50,51.667531,0.74,0.8218173600770317,0.7760330578512397,"(0.74,)",0.6189256198347107,0.64,0.15710743801652893,0.1
-22,50,51.874918,0.72,0.821757691236104,0.7758024691358024,"(0.72,)",0.6186008230452675,0.54,0.15720164609053497,0.18
-28,50,52.077285,0.78,0.821803327836906,0.7758196721311476,"(0.78,)",0.6186065573770492,0.62,0.15721311475409835,0.16
-38,50,52.266436,0.88,0.822099189235021,0.7762448979591837,"(0.88,)",0.6188571428571429,0.68,0.1573877551020408,0.2
-28,50,52.47836,0.78,0.8221548328263908,0.776260162601626,"(0.78,)",0.6190243902439024,0.66,0.15723577235772357,0.12
-24,50,52.698693,0.74,0.8220974159912946,0.7761133603238867,"(0.74,)",0.6190283400809716,0.62,0.15708502024291499,0.12
-34,50,52.900387,0.84,0.8223173988952692,0.7763709677419355,"(0.84,)",0.6192741935483871,0.68,0.1570967741935484,0.16
-32,50,53.103781,0.82,0.8224151015354327,0.7765461847389559,"(0.82,)",0.6193574297188755,0.64,0.1571887550200803,0.18
-16,50,53.340889,0.66,0.8219927614600054,0.77608,"(0.66,)",0.61856,0.42,0.15752,0.24
-38,50,53.536204,0.88,0.8223534997919852,0.7764940239043825,"(0.88,)",0.6194422310756972,0.84,0.15705179282868525,0.04
-22,50,53.760424,0.72,0.8221511229963548,0.7762698412698412,"(0.72,)",0.6194444444444445,0.62,0.1568253968253968,0.1
-24,50,53.974035,0.74,0.8220245464139303,0.7761264822134387,"(0.74,)",0.6188142292490119,0.46,0.15731225296442689,0.28
-22,50,54.20992,0.72,0.8218967679569356,0.7759055118110236,"(0.72,)",0.6181102362204725,0.44,0.15779527559055118,0.28
-20,50,54.438779,0.7,0.8214819289998175,0.775607843137255,"(0.7,)",0.6173333333333333,0.42,0.15827450980392158,0.28
-26,50,54.65122,0.76,0.8213496549480431,0.775546875,"(0.76,)",0.61734375,0.62,0.158203125,0.14
-28,50,54.856456,0.78,0.821129484376688,0.7755642023346303,"(0.78,)",0.6171206225680934,0.56,0.15844357976653697,0.22
-32,50,55.072244,0.82,0.8211862324632471,0.7757364341085271,"(0.82,)",0.6172093023255814,0.64,0.15852713178294572,0.18
-32,50,55.273986,0.82,0.8213052904469831,0.775907335907336,"(0.82,)",0.6177606177606177,0.76,0.15814671814671816,0.06
