#{"t_start": 1669214629.784097, "env_id": "DeepRMSA-v0"}
r,l,t,episode_service_blocking_rate,bit_rate_blocking_rate
49,49,2.474164,0.0,0.0
49,49,3.611232,0.0,0.0
19,49,4.642275,0.30612244897959184,0.1249464209172739
-17,49,5.560406,0.673469387755102,0.2796494331430409
-17,49,6.13483,0.673469387755102,0.3628824890717408
-15,49,6.708574,0.6530612244897959,0.42070731317010723
-1,49,7.312006,0.5102040816326531,0.43907611451754186
-3,49,7.910471,0.5306122448979592,0.4602872749342505
-19,49,8.485623,0.6938775510204082,0.4914232060958434
-19,49,9.034193,0.6938775510204082,0.5151347300511551
-15,49,9.613448,0.6530612244897959,0.5348313274441217
-7,49,10.243608,0.5714285714285714,0.5439913290881995
-21,49,10.845645,0.7142857142857143,0.5597099194499511
-13,49,11.410633,0.6326530612244898,0.5644680454630148
-17,49,11.976719,0.673469387755102,0.5741772592721575
-11,49,12.551686,0.6122448979591837,0.5769410902278604
-17,49,13.127863,0.673469387755102,0.5855002287631539
-13,49,13.707776,0.6326530612244898,0.5927692196947884
-9,49,14.319602,0.5918367346938775,0.5979909799097991
-5,49,14.992571,0.5510204081632653,0.5979624333809958
-3,49,15.907483,0.5306122448979592,0.5955368733386908
-1,49,16.733446,0.5102040816326531,0.5935956949824074
-15,49,17.546769,0.6530612244897959,0.59922585748997
-5,49,18.372446,0.5510204081632653,0.5985966053020143
-15,49,19.210623,0.6530612244897959,0.6023261858349578
-1,49,20.046834,0.5102040816326531,0.6000524980313239
-5,49,20.924384,0.5510204081632653,0.598684131104002
-19,49,21.716668,0.6938775510204082,0.6048631157463451
-27,49,22.494328,0.7755102040816326,0.6120515241435123
-17,49,23.296159,0.673469387755102,0.6149947247631582
-5,49,24.114288,0.5510204081632653,0.6141971736133764
-17,49,24.878266,0.673469387755102,0.6175819015242003
1,49,25.70069,0.4897959183673469,0.6152665709618336
-11,49,26.498344,0.6122448979591837,0.617901495636126
-5,49,27.334376,0.5510204081632653,0.6170210781570602
-9,49,28.150283,0.5918367346938775,0.6186392172182903
-3,49,28.975858,0.5306122448979592,0.6169821496459105
-15,49,29.764625,0.6530612244897959,0.6192767144037455
-7,49,30.61436,0.5714285714285714,0.6193873444887831
-23,49,31.399682,0.7346938775510204,0.6229532295077951
-7,49,32.229969,0.5714285714285714,0.6223839637274788
-15,49,33.034909,0.6530612244897959,0.6235769514706454
1,49,33.90186,0.4897959183673469,0.6216954154117611
-11,49,34.723019,0.6122448979591837,0.6224191417672292
-13,49,35.554815,0.6326530612244898,0.6237754524476438
-7,49,36.415225,0.5714285714285714,0.6244228173616537
1,49,37.271421,0.4897959183673469,0.6229122919245157
-3,49,38.131836,0.5306122448979592,0.6226102489977364
-7,49,38.959526,0.5714285714285714,0.6236601587067939
-21,49,39.731313,0.7142857142857143,0.6265839406473639
-7,49,40.581377,0.5714285714285714,0.6260998765050941
-5,49,41.440749,0.5510204081632653,0.6252883415476536
3,49,42.259926,0.46938775510204084,0.6226085664400609
5,49,43.108753,0.4489795918367347,0.620498177399757
-11,49,43.910669,0.6122448979591837,0.6206697115327283
-1,49,44.777328,0.5102040816326531,0.61900743631665
-3,49,45.605797,0.5306122448979592,0.618085020754999
-13,49,46.431299,0.6326530612244898,0.6194740799791939
-5,49,47.24875,0.5510204081632653,0.6190693050611189
-1,49,48.074578,0.5102040816326531,0.618233680506224
-1,49,48.888694,0.5102040816326531,0.6168886309159115
3,49,49.755989,0.46938775510204084,0.6156091679270628
-3,49,50.569415,0.5306122448979592,0.6143489592816677
-3,49,51.433717,0.5306122448979592,0.6130987142052149
-5,49,52.276683,0.5510204081632653,0.6129107105026884
-3,49,53.14556,0.5306122448979592,0.6123863466984647
-11,49,53.941852,0.6122448979591837,0.612691219793879
-7,49,54.784361,0.5714285714285714,0.612749046257132
1,49,55.63281,0.4897959183673469,0.611753531995726
-7,49,56.47749,0.5714285714285714,0.6119071909250021
7,49,57.320801,0.42857142857142855,0.6100811070465211
-3,49,58.149587,0.5306122448979592,0.6086095519045083
3,49,58.968524,0.46938775510204084,0.6074995280771617
1,49,59.787313,0.4897959183673469,0.606677025527192
1,49,60.620645,0.4897959183673469,0.6054734738945265
-3,49,61.484628,0.5306122448979592,0.6047618841701513
11,49,62.33615,0.3877551020408163,0.6023025375687285
-3,49,63.15994,0.5306122448979592,0.6022533101015968
3,49,63.950754,0.46938775510204084,0.6008000199381917
9,49,64.774937,0.40816326530612246,0.5981696421252808
-17,49,65.565373,0.673469387755102,0.5999991906667692
5,49,66.458354,0.4489795918367347,0.5984153711399169
-13,49,67.26254,0.6326530612244898,0.5994383486977747
3,49,68.104147,0.46938775510204084,0.5981566820276498
-11,49,68.946047,0.6122448979591837,0.5985802257294562
-3,49,70.242415,0.5306122448979592,0.5980853035034142
13,49,71.597802,0.3673469387755102,0.5959763117321764
-13,49,72.88073,0.6326530612244898,0.5965314904159603
-9,49,74.145994,0.5918367346938775,0.5972158764314875
-5,49,75.470618,0.5510204081632653,0.5970947538702003
9,49,76.805533,0.40816326530612246,0.5951235150458544
5,49,77.632137,0.4489795918367347,0.5938218406167467
9,49,78.497348,0.40816326530612246,0.5915887455343616
17,49,79.374115,0.32653061224489793,0.5891281007292553
-5,49,80.231937,0.5510204081632653,0.5893211783527335
13,49,81.11857,0.3673469387755102,0.5875349446858477
7,49,82.007,0.42857142857142855,0.5860286919831224
-1,49,82.885292,0.5102040816326531,0.5852689874474751
7,49,83.731259,0.42857142857142855,0.5838928837093975
19,49,84.581201,0.30612244897959184,0.581296065480455
-11,49,85.416851,0.6122448979591837,0.581664722654225
-5,49,86.243521,0.5510204081632653,0.5815508407418933
9,49,87.123833,0.40816326530612246,0.5803596944121625
15,49,87.991886,0.3469387755102041,0.5781374303116441
5,49,88.887026,0.4489795918367347,0.5775393735759903
-5,49,89.727538,0.5510204081632653,0.5777813478001625
13,49,90.603675,0.3673469387755102,0.5753815830147736
9,49,91.489257,0.40816326530612246,0.5737192697473694
11,49,92.392415,0.3877551020408163,0.5727906432186751
-11,49,93.208917,0.6122448979591837,0.5733169501005605
-1,49,94.090799,0.5102040816326531,0.5732121047631972
-5,49,94.929564,0.5510204081632653,0.5732890928757272
-5,49,95.767299,0.5510204081632653,0.5738612002734742
11,49,96.645945,0.3877551020408163,0.5718006678064509
9,49,97.505856,0.40816326530612246,0.5708020353078702
5,49,98.38351,0.4489795918367347,0.5698558559066914
-3,49,99.258695,0.5306122448979592,0.5696642374127467
15,49,100.15003,0.3469387755102041,0.5682159128406914
-13,49,101.00329,0.6326530612244898,0.5692921071806646
7,49,101.846267,0.42857142857142855,0.5684291785552568
7,49,102.717873,0.42857142857142855,0.5677562069179992
5,49,103.542199,0.4489795918367347,0.567151092639764
7,49,104.410057,0.42857142857142855,0.5664901187242792
5,49,105.231853,0.4489795918367347,0.56587727263129
5,49,106.079098,0.4489795918367347,0.5650230910886472
1,49,106.905738,0.4897959183673469,0.5645436303712714
9,49,107.79668,0.40816326530612246,0.5634254650856934
3,49,108.639696,0.46938775510204084,0.5625773617717764
-3,49,109.52659,0.5306122448979592,0.5626252377932783
-9,49,110.344195,0.5918367346938775,0.5630279394029423
3,49,111.179067,0.46938775510204084,0.5627729312188346
-9,49,111.969285,0.5918367346938775,0.5632835917104457
1,49,112.849671,0.4897959183673469,0.5627723103735175
1,49,113.633831,0.4897959183673469,0.5623473435332278
-13,49,114.448724,0.6326530612244898,0.5632135716449561
-11,49,115.272824,0.6122448979591837,0.5637614734081586
19,49,116.103545,0.30612244897959184,0.5618401980987676
1,49,116.883494,0.4897959183673469,0.5616748128588157
15,49,117.758526,0.3469387755102041,0.560159773285756
17,49,118.60605,0.32653061224489793,0.5588431876606684
-17,49,119.429481,0.673469387755102,0.5598727356270625
-15,49,120.231504,0.6530612244897959,0.5605883952312705
-9,49,121.043999,0.5918367346938775,0.5608926717494409
25,49,121.924165,0.24489795918367346,0.5591917576726692
21,49,122.815889,0.2857142857142857,0.5573604152480078
-7,49,123.616445,0.5714285714285714,0.5574628737258835
-27,49,124.410501,0.7755102040816326,0.5590928894698001
-13,49,125.212761,0.6326530612244898,0.560003708224533
-5,49,126.085471,0.5510204081632653,0.560298201055416
27,49,126.956313,0.22448979591836735,0.5582050589219719
15,49,127.793269,0.3469387755102041,0.5569536925758708
-1,49,128.633799,0.5102040816326531,0.557221725982286
-1,49,129.467165,0.5102040816326531,0.5568833723553246
11,49,130.339844,0.3877551020408163,0.5558527803254186
-1,49,131.135044,0.5102040816326531,0.5556989982217329
15,49,132.03728,0.3469387755102041,0.5544555700388534
13,49,132.878567,0.3673469387755102,0.5533729112705434
1,49,133.722641,0.4897959183673469,0.553312611177953
17,49,134.557092,0.32653061224489793,0.5518193508564374
1,49,135.380231,0.4897959183673469,0.551617083200484
13,49,136.246061,0.3673469387755102,0.5505204124314205
11,49,137.151765,0.3877551020408163,0.5495812395309883
11,49,138.006206,0.3877551020408163,0.5486895290645452
5,49,138.877798,0.4489795918367347,0.5480920442880919
-1,49,139.965992,0.5102040816326531,0.5481849414132929
11,49,141.328619,0.3877551020408163,0.5477246267465935
21,49,142.663404,0.2857142857142857,0.5461957213741281
27,49,144.095932,0.22448979591836735,0.5445832140122847
15,49,145.447819,0.3469387755102041,0.5437473853829349
11,49,146.833526,0.3877551020408163,0.5429821012272894
9,49,147.711092,0.40816326530612246,0.5423376553721557
9,49,148.558237,0.40816326530612246,0.5416408824946258
17,49,149.396044,0.32653061224489793,0.5409403823840611
9,49,150.233063,0.40816326530612246,0.5404580698719385
-5,49,151.048471,0.5510204081632653,0.5407173133965247
13,49,151.906767,0.3673469387755102,0.5399219591709139
-1,49,152.691591,0.5102040816326531,0.539930831684267
1,49,153.543568,0.4897959183673469,0.5401136965346826
-1,49,154.364802,0.5102040816326531,0.5401376293589792
13,49,155.232605,0.3673469387755102,0.5392339531341173
-3,49,156.067575,0.5306122448979592,0.5393765514849088
13,49,156.929027,0.3673469387755102,0.5388327086086168
-11,49,157.716715,0.6122448979591837,0.5396772048254803
7,49,158.592807,0.42857142857142855,0.5392661780208957
7,49,159.445611,0.42857142857142855,0.5388394081175981
13,49,160.338001,0.3673469387755102,0.538181946130434
9,49,161.185707,0.40816326530612246,0.5378443115867858
-3,49,162.007773,0.5306122448979592,0.5379915187555271
1,49,162.843376,0.4897959183673469,0.5379671440839959
13,49,163.689384,0.3673469387755102,0.5373259000153282
1,49,164.473053,0.4897959183673469,0.5373491499293392
7,49,165.293803,0.42857142857142855,0.536941681793777
7,49,166.133359,0.42857142857142855,0.5365519042466956
13,49,166.984652,0.3673469387755102,0.5358691873318685
17,49,167.83022,0.32653061224489793,0.535027772367334
33,49,168.697231,0.16326530612244897,0.5333033694348185
-11,49,169.496102,0.6122448979591837,0.534066960516431
9,49,170.395599,0.40816326530612246,0.5338187183058057
5,49,171.237531,0.4489795918367347,0.5335233687619938
15,49,172.120069,0.3469387755102041,0.5329692285017114
13,49,172.975735,0.3673469387755102,0.5324449556680103
-9,49,173.788083,0.5918367346938775,0.5331484234296302
1,49,174.69787,0.4897959183673469,0.5330918653802716
13,49,175.567614,0.3673469387755102,0.5325563133409665
17,49,176.470936,0.32653061224489793,0.5317246271685259
13,49,177.330295,0.3673469387755102,0.5308656896812207
7,49,178.218293,0.42857142857142855,0.5302959321593963
13,49,179.08608,0.3673469387755102,0.5297593635540152
11,49,179.941572,0.3877551020408163,0.5291888043457806
3,49,180.806302,0.46938775510204084,0.5291170251776951
7,49,181.678674,0.42857142857142855,0.5288308195428126
-7,49,182.506249,0.5714285714285714,0.5291955067431305
15,49,183.38953,0.3469387755102041,0.5287384971389975
1,49,184.204922,0.4897959183673469,0.5288073310213363
21,49,185.075713,0.2857142857142857,0.5279317047143565
17,49,185.928516,0.32653061224489793,0.5274019591474947
3,49,186.785622,0.46938775510204084,0.5272723151890606
3,49,187.624343,0.46938775510204084,0.527144489894129
17,49,188.512789,0.32653061224489793,0.5264844317067878
21,49,189.421589,0.2857142857142857,0.5255158359514308
11,49,190.318229,0.3877551020408163,0.5249330251576336
-5,49,191.238643,0.5510204081632653,0.5251468250105454
-7,49,192.167353,0.5714285714285714,0.5255663506447933
25,49,193.070818,0.24489795918367346,0.5243962341383545
13,49,193.954879,0.3673469387755102,0.523797882433746
9,49,194.826688,0.40816326530612246,0.5232803504833629
7,49,195.740572,0.42857142857142855,0.5233249604185112
-9,49,196.620621,0.5918367346938775,0.5236751004021831
7,49,197.53147,0.42857142857142855,0.5234574185900525
-1,49,198.349372,0.5102040816326531,0.5234562839779807
-3,49,199.204118,0.5306122448979592,0.5235533020819753
-11,49,200.04999,0.6122448979591837,0.5240577697032323
3,49,200.937092,0.46938775510204084,0.5239392240113221
-15,49,201.806511,0.6530612244897959,0.5247490941357096
15,49,202.751855,0.3469387755102041,0.5241073955369429
7,49,203.605214,0.42857142857142855,0.5239808902606139
9,49,204.483681,0.40816326530612246,0.5236178667322949
13,49,205.353858,0.3673469387755102,0.5231682192022299
7,49,206.233913,0.42857142857142855,0.5228941797200649
3,49,207.085547,0.46938775510204084,0.5228698375939768
15,49,208.11402,0.3469387755102041,0.5225043414877601
3,49,209.419597,0.46938775510204084,0.5225455929212648
-9,49,210.745568,0.5918367346938775,0.523055013492756
17,49,212.097904,0.32653061224489793,0.5222634383763283
19,49,213.553467,0.30612244897959184,0.5215453353666694
13,49,214.956662,0.3673469387755102,0.5210052917804917
17,49,216.031234,0.32653061224489793,0.5203333974312219
15,49,216.905819,0.3469387755102041,0.5199294462721471
-3,49,217.736309,0.5306122448979592,0.5202444463448167
11,49,218.549749,0.3877551020408163,0.5199518780281
13,49,219.407665,0.3673469387755102,0.5195589013012281
13,49,220.283977,0.3673469387755102,0.5191923423165585
15,49,221.133498,0.3469387755102041,0.5184523477916132
3,49,222.02052,0.46938775510204084,0.5184216741673238
9,49,222.857682,0.40816326530612246,0.5180307173334259
1,49,223.706789,0.4897959183673469,0.5180322621943413
27,49,224.599835,0.22448979591836735,0.517098879121664
29,49,225.478373,0.20408163265306123,0.5160358744166723
27,49,226.398335,0.22448979591836735,0.5151996212279456
1,49,227.235969,0.4897959183673469,0.515320186732509
3,49,228.044484,0.46938775510204084,0.5152553825903253
19,49,228.920755,0.30612244897959184,0.5146599086415118
5,49,229.759401,0.4489795918367347,0.5145906648167332
-1,49,230.604875,0.5102040816326531,0.5147584151037138
1,49,231.409206,0.4897959183673469,0.5149797951552915
-5,49,232.264505,0.5510204081632653,0.5154359703578109
9,49,233.061234,0.40816326530612246,0.5152088711152354
29,49,233.913383,0.20408163265306123,0.5141242523389625
11,49,234.753807,0.3877551020408163,0.5138612824335252
29,49,235.649602,0.20408163265306123,0.5128253667770942
13,49,236.4956,0.3673469387755102,0.5125834157715369
11,49,237.323547,0.3877551020408163,0.5123462665993516
-3,49,238.102638,0.5306122448979592,0.5127617227545442
19,49,238.951164,0.30612244897959184,0.5121103210721142
19,49,239.81833,0.30612244897959184,0.5114609168018364
13,49,240.663858,0.3673469387755102,0.5110792320362535
19,49,241.549734,0.30612244897959184,0.510319850305988
25,49,242.430033,0.24489795918367346,0.5094846796821509
11,49,243.292505,0.3877551020408163,0.5093391268606324
27,49,244.220845,0.22448979591836735,0.5085984014569237
15,49,245.075492,0.3469387755102041,0.5080596158488867
19,49,245.984571,0.30612244897959184,0.5074837600083669
25,49,246.902842,0.24489795918367346,0.5066328692949565
13,49,247.789525,0.3673469387755102,0.506350153574104
3,49,248.611604,0.46938775510204084,0.5065221142232703
9,49,249.466619,0.40816326530612246,0.506306987833044
13,49,250.298489,0.3673469387755102,0.5059435177403442
9,49,251.189359,0.40816326530612246,0.5056739258789039
33,49,252.054178,0.16326530612244897,0.5046739357214779
15,49,252.8902,0.3469387755102041,0.5043234081021527
7,49,253.731302,0.42857142857142855,0.5042974649968632
7,49,254.556672,0.42857142857142855,0.5041497851856093
11,49,255.375505,0.3877551020408163,0.5040685699197698
19,49,256.281916,0.30612244897959184,0.5035460992907801
9,49,257.13969,0.40816326530612246,0.5033881219568308
15,49,257.992338,0.3469387755102041,0.5027991997855461
13,49,258.87517,0.3673469387755102,0.502540413664577
27,49,259.773201,0.22448979591836735,0.5017383459308402
9,49,260.620226,0.40816326530612246,0.5016883812165122
-7,49,261.471443,0.5714285714285714,0.5020490548543137
21,49,262.356043,0.2857142857142857,0.5014853772618493
9,49,263.196966,0.40816326530612246,0.5015503488556535
17,49,264.06681,0.32653061224489793,0.5010495911520386
11,49,264.919772,0.3877551020408163,0.5008317762252247
-9,49,265.722194,0.5918367346938775,0.501273123755371
13,49,266.589547,0.3673469387755102,0.5009376861976879
15,49,267.431902,0.3469387755102041,0.500597699577711
35,49,268.273164,0.14285714285714285,0.4993931147268697
5,49,269.120829,0.4489795918367347,0.4994104305502047
19,49,269.958096,0.30612244897959184,0.4990131032373389
7,49,270.804958,0.42857142857142855,0.49901493418832266
11,49,271.67114,0.3877551020408163,0.4988631358529004
13,49,272.501049,0.3673469387755102,0.49848042472652887
5,49,273.285527,0.4489795918367347,0.49850027675951164
31,49,274.190152,0.1836734693877551,0.4976420054093333
21,49,275.046863,0.2857142857142857,0.49702820712898244
21,49,275.969207,0.2857142857142857,0.49660043382870905
17,49,277.066392,0.32653061224489793,0.49620028434719227
11,49,278.399086,0.3877551020408163,0.4961047772763254
23,49,279.762999,0.2653061224489796,0.49554763568695526
27,49,281.170223,0.22448979591836735,0.4948803961217506
13,49,282.518844,0.3673469387755102,0.4946880029335669
19,49,283.902289,0.30612244897959184,0.49424978067325187
21,49,284.772979,0.2857142857142857,0.49374361528827765
19,49,285.604615,0.30612244897959184,0.4933122015727683
25,49,286.461269,0.24489795918367346,0.49271840017236224
31,49,287.352321,0.1836734693877551,0.4919406970207982
15,49,288.215955,0.3469387755102041,0.49161728298699714
25,49,289.099372,0.24489795918367346,0.4910002673978201
17,49,289.959696,0.32653061224489793,0.49069578442987494
23,49,290.85225,0.2653061224489796,0.4900430092811589
-5,49,291.674346,0.5510204081632653,0.4904101356113483
3,49,292.518249,0.46938775510204084,0.4905679532177576
15,49,293.395869,0.3469387755102041,0.49033545109253773
9,49,294.275813,0.40816326530612246,0.49035706063025686
13,49,295.149477,0.3673469387755102,0.49008446566287184
9,49,296.013406,0.40816326530612246,0.4900850989639491
13,49,296.883462,0.3673469387755102,0.48990330127523446
9,49,297.756978,0.40816326530612246,0.48969378529542157
11,49,298.606199,0.3877551020408163,0.48960669711276766
7,49,299.435211,0.42857142857142855,0.4895567336649572
3,49,300.252772,0.46938775510204084,0.48964274272603625
25,49,301.183564,0.24489795918367346,0.4890786007907709
21,49,302.04086,0.2857142857142857,0.4886632625617765
29,49,302.931642,0.20408163265306123,0.4878682924695352
23,49,303.810914,0.2653061224489796,0.4872702930520671
17,49,304.685004,0.32653061224489793,0.4869588403319551
9,49,305.527619,0.40816326530612246,0.4868703113304839
15,49,306.417901,0.3469387755102041,0.4865084071640635
23,49,307.260618,0.2653061224489796,0.4859564752425879
21,49,308.148182,0.2857142857142857,0.48544405989071365
17,49,309.046314,0.32653061224489793,0.48513837711432123
21,49,309.926132,0.2857142857142857,0.4847401387994802
11,49,310.859951,0.3877551020408163,0.4845444095233596
3,49,311.722084,0.46938775510204084,0.4845436890693523
-3,49,312.592106,0.5306122448979592,0.48483204738810987
29,49,313.480165,0.20408163265306123,0.48413589902082976
21,49,314.360078,0.2857142857142857,0.48360531149450336
3,49,315.153109,0.46938775510204084,0.48370302725902925
7,49,315.992017,0.42857142857142855,0.4836667252496683
9,49,316.849628,0.40816326530612246,0.48364680735920906
15,49,317.688164,0.3469387755102041,0.48343356580019925
3,49,318.486676,0.46938775510204084,0.48347918142008584
1,49,319.324317,0.4897959183673469,0.48363569872211176
-1,49,320.114586,0.5102040816326531,0.48386470878325755
13,49,320.957672,0.3673469387755102,0.4836375199867427
7,49,321.811623,0.42857142857142855,0.48348073027387506
-5,49,322.665854,0.5510204081632653,0.48385044237062175
15,49,323.480167,0.3469387755102041,0.48349453135274817
13,49,324.31023,0.3673469387755102,0.4831857889452046
9,49,325.194283,0.40816326530612246,0.48315060598775295
7,49,326.087963,0.42857142857142855,0.48308047638777474
21,49,326.959889,0.2857142857142857,0.48270449515170116
9,49,327.82005,0.40816326530612246,0.4825681073757229
9,49,328.664588,0.40816326530612246,0.4824479165755684
7,49,329.511787,0.42857142857142855,0.4824487261010379
7,49,330.340532,0.42857142857142855,0.4824743846353915
11,49,331.23815,0.3877551020408163,0.482343641949761
9,49,332.05668,0.40816326530612246,0.48229010381245574
-7,49,332.880217,0.5714285714285714,0.4825727247544199
19,49,333.738657,0.30612244897959184,0.4822638995406199
15,49,334.599848,0.3469387755102041,0.4820315852716505
23,49,335.45374,0.2653061224489796,0.48151895873355044
11,49,336.322587,0.3877551020408163,0.48148793344759006
11,49,337.155246,0.3877551020408163,0.4813757168918194
17,49,338.02019,0.32653061224489793,0.4810883038511461
23,49,338.903727,0.2653061224489796,0.48067269331543644
9,49,339.771958,0.40816326530612246,0.48065215627683094
3,49,340.597166,0.46938775510204084,0.48073543727165075
9,49,341.467322,0.40816326530612246,0.4806303094711212
5,49,342.297015,0.4489795918367347,0.480618737750165
9,49,343.175644,0.40816326530612246,0.48058543213016447
15,49,344.046032,0.3469387755102041,0.4804029738138796
11,49,344.914588,0.3877551020408163,0.48019705138802526
15,49,345.774364,0.3469387755102041,0.47997535428219346
15,49,346.707359,0.3469387755102041,0.4796230065714603
13,49,347.836986,0.3673469387755102,0.47947682891766935
19,49,349.223686,0.30612244897959184,0.4791250633579073
11,49,350.576179,0.3877551020408163,0.4789729652410242
7,49,351.96733,0.42857142857142855,0.4789407388454801
13,49,353.368835,0.3673469387755102,0.4787120913423391
15,49,354.764255,0.3469387755102041,0.47846513161330756
17,49,355.687219,0.32653061224489793,0.47813385687053034
17,49,356.568594,0.32653061224489793,0.4778270284929687
7,49,357.422733,0.42857142857142855,0.4778222230501155
17,49,358.304293,0.32653061224489793,0.47750884901055096
3,49,359.189588,0.46938775510204084,0.47762779682766915
5,49,360.007566,0.4489795918367347,0.47759668894723895
11,49,360.882754,0.3877551020408163,0.4774961042544028
19,49,361.756625,0.30612244897959184,0.4771068183145453
19,49,362.65584,0.30612244897959184,0.4768191040849524
9,49,363.501173,0.40816326530612246,0.4767099157554575
-3,49,364.348141,0.5306122448979592,0.47691576839267147
23,49,365.265857,0.2653061224489796,0.47654859190095356
1,49,366.09904,0.4897959183673469,0.4767953105963035
11,49,366.950525,0.3877551020408163,0.47673234726992403
27,49,367.872284,0.22448979591836735,0.476133834611309
27,49,368.747785,0.22448979591836735,0.4756206098183102
11,49,369.618775,0.3877551020408163,0.47542586503835915
13,49,370.485916,0.3673469387755102,0.4751660619766881
-15,49,371.318627,0.6530612244897959,0.4757609631271251
19,49,372.200287,0.30612244897959184,0.4754483349225259
-7,49,373.06354,0.5714285714285714,0.4757641965411316
15,49,373.918735,0.3469387755102041,0.4756171037213781
3,49,374.772121,0.46938775510204084,0.4756798672865107
3,49,375.619592,0.46938775510204084,0.4758112260177423
5,49,376.517799,0.4489795918367347,0.47587025832967855
-1,49,377.416804,0.5102040816326531,0.47600493463902044
13,49,378.298352,0.3673469387755102,0.47584440800663524
13,49,379.175534,0.3673469387755102,0.4756847588384214
13,49,380.043053,0.3673469387755102,0.47561501777956683
23,49,380.923332,0.2653061224489796,0.4752933529939697
11,49,381.80833,0.3877551020408163,0.4752417796436198
1,49,382.703619,0.4897959183673469,0.47546514167559073
17,49,383.588134,0.32653061224489793,0.47518062480919915
7,49,384.440393,0.42857142857142855,0.47513783492590034
27,49,385.354568,0.22448979591836735,0.4747638518963124
29,49,386.279708,0.20408163265306123,0.47420852345537073
17,49,387.156744,0.32653061224489793,0.4740196162632908
11,49,388.003666,0.3877551020408163,0.47389236556872466
3,49,388.886455,0.46938775510204084,0.4740311293418355
13,49,389.768885,0.3673469387755102,0.47393497092678294
21,49,390.67192,0.2857142857142857,0.47367583667881524
27,49,391.575724,0.22448979591836735,0.47327283013461074
3,49,392.419205,0.46938775510204084,0.47334015218618414
13,49,393.294333,0.3673469387755102,0.4731733611008772
17,49,394.201363,0.32653061224489793,0.47290407674916407
13,49,395.055731,0.3673469387755102,0.47278727591706304
19,49,395.94827,0.30612244897959184,0.47256258549656843
23,49,396.815273,0.2653061224489796,0.4720915136958009
19,49,397.699413,0.30612244897959184,0.4719136569743015
17,49,398.580231,0.32653061224489793,0.47165288135199807
13,49,399.449351,0.3673469387755102,0.4715124729289958
9,49,400.337143,0.40816326530612246,0.4715952419466654
21,49,401.192599,0.2857142857142857,0.4712516619046418
17,49,402.063113,0.32653061224489793,0.47105812970854233
19,49,402.912796,0.30612244897959184,0.47078072591421016
13,49,403.77955,0.3673469387755102,0.4707273116527246
11,49,404.651652,0.3877551020408163,0.4704776997477142
11,49,405.543364,0.3877551020408163,0.47038913108271335
17,49,406.436383,0.32653061224489793,0.4701709346366954
17,49,407.324032,0.32653061224489793,0.46992028534835045
21,49,408.190472,0.2857142857142857,0.4695627599415238
17,49,409.058157,0.32653061224489793,0.46938528865481005
15,49,409.951012,0.3469387755102041,0.469239161788052
19,49,410.831779,0.30612244897959184,0.4689181145419826
7,49,411.686803,0.42857142857142855,0.468983905412179
13,49,412.564049,0.3673469387755102,0.468860035288341
1,49,413.371676,0.4897959183673469,0.4690438247011952
11,49,414.258452,0.3877551020408163,0.4690195175713947
19,49,415.123491,0.30612244897959184,0.4687044779277326
-1,49,415.95607,0.5102040816326531,0.4688359475272115
9,49,416.819955,0.40816326530612246,0.4688116667302034
11,49,417.833877,0.3877551020408163,0.46883571354472836
19,49,419.17474,0.30612244897959184,0.4686108680591017
23,49,420.551021,0.2653061224489796,0.46832907574829064
19,49,421.919377,0.30612244897959184,0.46813699217493837
37,49,423.429436,0.12244897959183673,0.4675405901212132
19,49,424.841977,0.30612244897959184,0.46733027648508074
9,49,425.881343,0.40816326530612246,0.4673548131555944
23,49,426.759152,0.2653061224489796,0.4670666312353931
5,49,427.618761,0.4489795918367347,0.46717420723704345
19,49,428.51548,0.30612244897959184,0.4668697752687005
17,49,429.404312,0.32653061224489793,0.4666357446837324
1,49,430.264823,0.4897959183673469,0.4668151071406851
13,49,431.146128,0.3673469387755102,0.4667269097971515
25,49,432.057232,0.24489795918367346,0.46643708227678965
29,49,432.974913,0.20408163265306123,0.46599084061350965
9,49,433.790709,0.40816326530612246,0.466008211143695
29,49,434.707757,0.20408163265306123,0.46555131014590473
31,49,435.594484,0.1836734693877551,0.4650875107064344
13,49,436.504421,0.3673469387755102,0.46497202238209434
9,49,437.367185,0.40816326530612246,0.46495145856944864
11,49,438.244545,0.3877551020408163,0.4648336951156731
17,49,439.08824,0.32653061224489793,0.4647279911178611
11,49,439.957199,0.3877551020408163,0.46477279034547286
19,49,440.839083,0.30612244897959184,0.46464606502270245
29,49,441.781539,0.20408163265306123,0.46420536536223006
17,49,442.685475,0.32653061224489793,0.4641057483734581
19,49,443.498517,0.30612244897959184,0.463893170391574
15,49,444.361172,0.3469387755102041,0.46381830894621623
25,49,445.278973,0.24489795918367346,0.46353331945009313
31,49,446.194418,0.1836734693877551,0.4630581572925951
15,49,447.084826,0.3469387755102041,0.46289773325687805
29,49,447.96673,0.20408163265306123,0.46246734555893115
13,49,448.830565,0.3673469387755102,0.46247306090308143
13,49,449.73284,0.3673469387755102,0.46236374304982925
17,49,450.573516,0.32653061224489793,0.46216784082671875
11,49,451.469987,0.3877551020408163,0.4621445713811299
17,49,452.331693,0.32653061224489793,0.4619373306122082
25,49,453.223363,0.24489795918367346,0.46165975715719376
15,49,454.091954,0.3469387755102041,0.46155948370926997
19,49,454.973009,0.30612244897959184,0.46133530780027304
17,49,455.827936,0.32653061224489793,0.4611674351664034
19,49,456.730846,0.30612244897959184,0.46090779286226957
15,49,457.627876,0.3469387755102041,0.4606447490765346
41,49,458.569185,0.08163265306122448,0.45999178434410415
27,49,459.425301,0.22448979591836735,0.45962576910301634
23,49,460.333351,0.2653061224489796,0.4593194696490384
25,49,461.237462,0.24489795918367346,0.45893418429204824
25,49,462.13474,0.24489795918367346,0.4585489718539839
23,49,463.017666,0.2653061224489796,0.45824620304459546
29,49,463.962594,0.20408163265306123,0.45783319024133456
9,49,464.836923,0.40816326530612246,0.45778723691682655
29,49,465.749936,0.20408163265306123,0.45734349982365735
17,49,466.610035,0.32653061224489793,0.45713089454094136
13,49,467.488919,0.3673469387755102,0.4570552433379705
27,49,468.346659,0.22448979591836735,0.45661917924200957
1,49,469.247807,0.4897959183673469,0.45677946311377166
19,49,470.11595,0.30612244897959184,0.4565596961033565
11,49,471.036808,0.3877551020408163,0.4565272673629842
5,49,471.927919,0.4489795918367347,0.4567031123352739
15,49,472.829635,0.3469387755102041,0.4566391931820837
19,49,473.726745,0.30612244897959184,0.4564165146587199
9,49,474.639237,0.40816326530612246,0.4564003262810573
25,49,475.518754,0.24489795918367346,0.45603193609846354
15,49,476.433617,0.3469387755102041,0.45593688796148846
9,49,477.298685,0.40816326530612246,0.45596833371393775
19,49,478.197653,0.30612244897959184,0.45577199730877765
7,49,479.073866,0.42857142857142855,0.4557201918206277
5,49,479.936472,0.4489795918367347,0.4558292141253515
11,49,480.765676,0.3877551020408163,0.4557304256183165
33,49,481.726364,0.16326530612244897,0.4552891871057403
21,49,482.609858,0.2857142857142857,0.45510483026048004
21,49,483.498537,0.2857142857142857,0.4549514733494087
17,49,484.37,0.32653061224489793,0.45487973889932143
23,49,485.270889,0.2653061224489796,0.45462777744505
27,49,486.147872,0.22448979591836735,0.4542610003580949
15,49,487.054909,0.3469387755102041,0.45422043724619043
11,49,487.867636,0.3877551020408163,0.4542554091356939
-1,49,489.032904,0.5102040816326531,0.4544659347821175
15,49,490.45073,0.3469387755102041,0.4543697008117804
19,49,491.856399,0.30612244897959184,0.454217567802179
25,49,493.320757,0.24489795918367346,0.4539454266599396
25,49,494.75489,0.24489795918367346,0.4537043706626077
5,49,495.961751,0.4489795918367347,0.4537793387114833
27,49,496.891503,0.22448979591836735,0.45338929962336866
31,49,497.812168,0.1836734693877551,0.4530276277676357
17,49,498.661621,0.32653061224489793,0.45292974759773885
19,49,499.571838,0.30612244897959184,0.4528319326993673
23,49,500.44076,0.2653061224489796,0.4524828394598102
15,49,501.324856,0.3469387755102041,0.4524058110922818
17,49,502.243814,0.32653061224489793,0.45224386014929974
21,49,503.134089,0.2857142857142857,0.4520205643163457
23,49,504.029028,0.2653061224489796,0.45180007606608474
37,49,504.947571,0.12244897959183673,0.4512354564095975
31,49,505.892602,0.1836734693877551,0.45079291893662715
37,49,506.844913,0.12244897959183673,0.45021384590981844
27,49,507.740821,0.22448979591836735,0.4498340469735742
23,49,508.610872,0.2653061224489796,0.4495750499789048
27,49,509.495449,0.22448979591836735,0.44917947005504627
15,49,510.369293,0.3469387755102041,0.44900648974986107
25,49,511.262215,0.24489795918367346,0.44873365242204344
15,49,512.106114,0.3469387755102041,0.4486321209986878
21,49,512.980396,0.2857142857142857,0.4484643050057093
15,49,513.893128,0.3469387755102041,0.44837839651734335
15,49,514.734288,0.3469387755102041,0.44828475142168456
21,49,515.626202,0.2857142857142857,0.44809820081924706
23,49,516.502186,0.2653061224489796,0.4478093064232393
13,49,517.367932,0.3673469387755102,0.44774706486388177
25,49,518.240456,0.24489795918367346,0.4474331957596711
35,49,519.129272,0.14285714285714285,0.44699318006014876
19,49,519.983038,0.30612244897959184,0.4468433076773927
15,49,520.885094,0.3469387755102041,0.4467367736035882
23,49,521.781826,0.2653061224489796,0.44646942182091126
25,49,522.664863,0.24489795918367346,0.4461336903060437
17,49,523.540958,0.32653061224489793,0.446020862451606
23,49,524.443281,0.2653061224489796,0.4457497648417195
27,49,525.305692,0.22448979591836735,0.44549657293208905
17,49,526.202417,0.32653061224489793,0.4454176490064018
1,49,527.048172,0.4897959183673469,0.4455953952111083
19,49,527.885028,0.30612244897959184,0.4454292944948278
15,49,528.75756,0.3469387755102041,0.44540763149197954
15,49,529.629709,0.3469387755102041,0.44541365447665415
25,49,530.513374,0.24489795918367346,0.44513044584766254
21,49,531.428002,0.2857142857142857,0.44492817627295383
15,49,532.313075,0.3469387755102041,0.44484465467683176
29,49,533.209373,0.20408163265306123,0.4445099823486202
29,49,534.103468,0.20408163265306123,0.44420899394164937
21,49,534.973698,0.2857142857142857,0.4440339034165658
11,49,535.835964,0.3877551020408163,0.444100493543784
29,49,536.774292,0.20408163265306123,0.4437770161435241
23,49,537.665542,0.2653061224489796,0.44357047988374365
27,49,538.557689,0.22448979591836735,0.4432486740953153
15,49,539.43377,0.3469387755102041,0.44314268749092534
27,49,540.315542,0.22448979591836735,0.44287237282149117
19,49,541.234135,0.30612244897959184,0.44269179538873626
17,49,542.115287,0.32653061224489793,0.442558755883943
19,49,543.01561,0.30612244897959184,0.44247325194563103
15,49,543.898448,0.3469387755102041,0.44242566868365146
13,49,544.787956,0.3673469387755102,0.44236158046624396
19,49,545.655344,0.30612244897959184,0.442277535700973
21,49,546.539268,0.2857142857142857,0.4420991788035278
27,49,547.435921,0.22448979591836735,0.44184683354891613
17,49,548.32816,0.32653061224489793,0.4417680892476075
23,49,549.20012,0.2653061224489796,0.4416363230992635
15,49,550.138958,0.3469387755102041,0.4415328460561412
23,49,551.066083,0.2653061224489796,0.4413105928309189
11,49,551.959919,0.3877551020408163,0.4413169997495856
35,49,552.88432,0.14285714285714285,0.4408473365074801
21,49,553.799968,0.2857142857142857,0.4406475712384304
33,49,554.726584,0.16326530612244897,0.4402531332084529
25,49,555.675571,0.24489795918367346,0.43999006891792236
33,49,556.590612,0.16326530612244897,0.43963231366881234
23,49,557.497828,0.2653061224489796,0.43945550120403076
21,49,558.786353,0.2857142857142857,0.4392784515599378
23,49,560.185113,0.2653061224489796,0.43909579014335354
23,49,561.579472,0.2653061224489796,0.4388259542383052
17,49,563.023724,0.32653061224489793,0.4387562974424699
21,49,564.483085,0.2857142857142857,0.4386068197597768
15,49,565.749468,0.3469387755102041,0.4386180008028237
23,49,566.689014,0.2653061224489796,0.43843086264604514
17,49,567.590604,0.32653061224489793,0.43840254681454066
23,49,568.480068,0.2653061224489796,0.4382731587753408
21,49,569.382915,0.2857142857142857,0.438134775451651
13,49,570.238066,0.3673469387755102,0.4381078434049586
27,49,571.168362,0.22448979591836735,0.43782285867727866
15,49,572.056618,0.3469387755102041,0.43777309903552736
25,49,572.941725,0.24489795918367346,0.4375373390351055
19,49,573.823712,0.30612244897959184,0.4374677750100483
29,49,574.720665,0.20408163265306123,0.43718244366865716
21,49,575.586766,0.2857142857142857,0.43708535583219765
25,49,576.511771,0.24489795918367346,0.4368920608401684
19,49,577.403075,0.30612244897959184,0.4367486602278898
21,49,578.295756,0.2857142857142857,0.43658379450576473
11,49,579.140277,0.3877551020408163,0.43656060164106986
15,49,580.037306,0.3469387755102041,0.436476519432866
15,49,580.938268,0.3469387755102041,0.4364118480950688
35,49,581.858819,0.14285714285714285,0.4359966288634129
11,49,582.69265,0.3877551020408163,0.4360097343227643
27,49,583.582412,0.22448979591836735,0.43571085198543236
27,49,584.48518,0.22448979591836735,0.4354883375660094
27,49,585.374231,0.22448979591836735,0.43524698795483024
21,49,586.311524,0.2857142857142857,0.43507003665675925
11,49,587.164485,0.3877551020408163,0.43513916563153937
11,49,588.005783,0.3877551020408163,0.4352411729742419
17,49,588.819577,0.32653061224489793,0.43523368261457207
23,49,589.68962,0.2653061224489796,0.4349869672700476
27,49,590.55399,0.22448979591836735,0.4347756916976397
31,49,591.457917,0.1836734693877551,0.4344576874217199
25,49,592.332824,0.24489795918367346,0.4342948686174948
29,49,593.188543,0.20408163265306123,0.4340428775494244
29,49,594.057064,0.20408163265306123,0.4337490757983718
13,49,594.933464,0.3673469387755102,0.4337143277282105
21,49,595.816567,0.2857142857142857,0.43361777006008206
7,49,596.697845,0.42857142857142855,0.43371393822747145
17,49,597.546808,0.32653061224489793,0.43362139386059234
19,49,598.425419,0.30612244897959184,0.43354381483121995
31,49,599.318927,0.1836734693877551,0.4331935287658835
17,49,600.200265,0.32653061224489793,0.4330930108255159
23,49,601.091892,0.2653061224489796,0.43295080334227887
17,49,601.976633,0.32653061224489793,0.4329279530081255
33,49,602.871933,0.16326530612244897,0.43252407855064307
27,49,603.781048,0.22448979591836735,0.4323573388189682
23,49,604.616654,0.2653061224489796,0.43214632394338853
37,49,605.53464,0.12244897959183673,0.4317183221460247
31,49,606.385088,0.1836734693877551,0.4313905381276583
25,49,607.276113,0.24489795918367346,0.4311791014561514
15,49,608.080866,0.3469387755102041,0.43119001359125025
27,49,608.967041,0.22448979591836735,0.43099141081475123
23,49,609.817756,0.2653061224489796,0.4308059350504458
27,49,610.738042,0.22448979591836735,0.43055995956637627
21,49,611.636437,0.2857142857142857,0.4304289098002949
13,49,612.528088,0.3673469387755102,0.43046658332255605
11,49,613.434204,0.3877551020408163,0.4304636205055061
19,49,614.302233,0.30612244897959184,0.43040934890401333
11,49,615.152193,0.3877551020408163,0.4304043349328938
17,49,616.029552,0.32653061224489793,0.4303449037827788
25,49,616.941806,0.24489795918367346,0.43021740536550657
23,49,617.849349,0.2653061224489796,0.4300104866010874
15,49,618.703551,0.3469387755102041,0.4299539432805096
19,49,619.552556,0.30612244897959184,0.42988603973758394
19,49,620.429088,0.30612244897959184,0.42977095408674
13,49,621.284298,0.3673469387755102,0.42978134629310943
23,49,622.131713,0.2653061224489796,0.42964143396222854
9,49,623.028476,0.40816326530612246,0.4297149156383011
21,49,623.898681,0.2857142857142857,0.42955374954900793
29,49,624.799125,0.20408163265306123,0.4292909508349491
19,49,625.668729,0.30612244897959184,0.42921949986422864
17,49,626.92934,0.32653061224489793,0.4291304917909958
25,49,628.265484,0.24489795918367346,0.4289566587643376
27,49,629.646321,0.22448979591836735,0.428751013920066
23,49,631.095413,0.2653061224489796,0.42861272997052013
17,49,632.481705,0.32653061224489793,0.42850717686864204
23,49,633.795493,0.2653061224489796,0.42834416668138797
35,49,634.655186,0.14285714285714285,0.4279969713330452
25,49,635.540915,0.24489795918367346,0.42776761114386685
23,49,636.404637,0.2653061224489796,0.4275732113572203
13,49,637.24846,0.3673469387755102,0.4275392296026635
19,49,638.126242,0.30612244897959184,0.42744558782596415
19,49,639.014506,0.30612244897959184,0.42734802809889927
29,49,639.880974,0.20408163265306123,0.42707188372816635
11,49,640.755986,0.3877551020408163,0.4270790625672215
23,49,641.638535,0.2653061224489796,0.42686858450053883
25,49,642.50531,0.24489795918367346,0.42666126436723656
29,49,643.394249,0.20408163265306123,0.4264153378849714
21,49,644.256975,0.2857142857142857,0.4262681183432385
27,49,645.127575,0.22448979591836735,0.42601967356755116
29,49,646.053768,0.20408163265306123,0.42585945062978675
19,49,646.937781,0.30612244897959184,0.42579641447917915
23,49,647.852085,0.2653061224489796,0.4256112515555701
21,49,648.742418,0.2857142857142857,0.4254820741579929
27,49,649.623789,0.22448979591836735,0.42527718598431624
29,49,650.545699,0.20408163265306123,0.4250400846689608
11,49,651.444764,0.3877551020408163,0.4250210331254207
17,49,652.333104,0.32653061224489793,0.42497422228963855
15,49,653.223934,0.3469387755102041,0.4249742353790848
17,49,654.079746,0.32653061224489793,0.42493541994369
29,49,654.966841,0.20408163265306123,0.4247173229868676
23,49,655.838242,0.2653061224489796,0.4246006553302378
11,49,656.684841,0.3877551020408163,0.42459753066048733
11,49,657.524807,0.3877551020408163,0.424597686431143
21,49,658.404125,0.2857142857142857,0.42443732347545615
23,49,659.239551,0.2653061224489796,0.4242771665805008
25,49,660.108994,0.24489795918367346,0.4241039804022531
25,49,660.973849,0.24489795918367346,0.4239595841408625
19,49,661.876567,0.30612244897959184,0.4239145851776133
23,49,662.755497,0.2653061224489796,0.42372429090767016
25,49,663.645573,0.24489795918367346,0.4235332094444644
25,49,664.549053,0.24489795918367346,0.4233556538196194
21,49,665.453188,0.2857142857142857,0.4232237430968057
25,49,666.326201,0.24489795918367346,0.42306442096039626
23,49,667.241769,0.2653061224489796,0.4228820350563669
1,49,668.056642,0.4897959183673469,0.4230740604541881
9,49,668.947006,0.40816326530612246,0.4231268183881034
13,49,669.814785,0.3673469387755102,0.4232006243612441
31,49,670.723558,0.1836734693877551,0.42294417730907374
23,49,671.653107,0.2653061224489796,0.4228038106952298
21,49,672.547525,0.2857142857142857,0.4226936982849694
31,49,673.390369,0.1836734693877551,0.4224372901096683
27,49,674.271103,0.22448979591836735,0.4222157158602899
17,49,675.149663,0.32653061224489793,0.42221121128449707
31,49,676.031887,0.1836734693877551,0.4219856149675366
19,49,676.944188,0.30612244897959184,0.42183845749644366
25,49,677.806639,0.24489795918367346,0.42168074310759374
25,49,678.690298,0.24489795918367346,0.4215184956880819
3,49,679.543776,0.46938775510204084,0.421687649296149
11,49,680.424212,0.3877551020408163,0.4216895650361829
13,49,681.286648,0.3673469387755102,0.4217222630444187
7,49,682.202334,0.42857142857142855,0.42182391816170806
9,49,683.068839,0.40816326530612246,0.4219464796033026
17,49,683.958544,0.32653061224489793,0.42192344175830604
15,49,684.874715,0.3469387755102041,0.4218999584348131
21,49,685.796729,0.2857142857142857,0.42178734535474605
21,49,686.674347,0.2857142857142857,0.4216237305237047
27,49,687.548496,0.22448979591836735,0.42139818492421216
23,49,688.37476,0.2653061224489796,0.42122927221002454
27,49,689.256672,0.22448979591836735,0.42109648726092364
23,49,690.090376,0.2653061224489796,0.4209353598298261
31,49,690.991071,0.1836734693877551,0.4206663752964593
27,49,691.853662,0.22448979591836735,0.4204807074822762
13,49,692.706076,0.3673469387755102,0.4204667141181848
29,49,693.557058,0.20408163265306123,0.42024319366312995
27,49,694.424114,0.22448979591836735,0.4200357236580349
23,49,695.437636,0.2653061224489796,0.4199372716861437
-9,49,696.73887,0.5918367346938775,0.42024761201118793
17,49,698.1182,0.32653061224489793,0.4202463520076976
21,49,699.483613,0.2857142857142857,0.42012542704189504
7,49,700.871288,0.42857142857142855,0.4202137322913057
27,49,702.342768,0.22448979591836735,0.4200361010072072
21,49,703.329629,0.2857142857142857,0.41996236603125253
19,49,704.196236,0.30612244897959184,0.41992506186879375
33,49,705.037721,0.16326530612244897,0.4196871914904836
29,49,705.917917,0.20408163265306123,0.4194998514074908
23,49,706.758396,0.2653061224489796,0.4194028467516506
11,49,707.58538,0.3877551020408163,0.41946903909367905
25,49,708.456652,0.24489795918367346,0.4192595448547906
23,49,709.273201,0.2653061224489796,0.4191414503271135
17,49,710.081074,0.32653061224489793,0.41903666029390024
17,49,710.938833,0.32653061224489793,0.4190200966573864
19,49,711.763061,0.30612244897959184,0.41894710158644294
9,49,712.621089,0.40816326530612246,0.4190428753866463
23,49,713.489132,0.2653061224489796,0.4189611026018505
31,49,714.394614,0.1836734693877551,0.41871259313545867
35,49,715.280972,0.14285714285714285,0.41843666741407054
21,49,716.17006,0.2857142857142857,0.4183309641460243
19,49,717.048589,0.30612244897959184,0.4182181296606069
35,49,717.944821,0.14285714285714285,0.4179112199071584
27,49,718.803976,0.22448979591836735,0.41772884357262163
23,49,719.663795,0.2653061224489796,0.4176181986403117
31,49,720.51538,0.1836734693877551,0.4173844535881574
29,49,721.36149,0.20408163265306123,0.41717441791587434
15,49,722.208091,0.3469387755102041,0.41716873061289267
21,49,723.026626,0.2857142857142857,0.4170809059299612
11,49,723.851772,0.3877551020408163,0.4170804328998691
7,49,724.634874,0.42857142857142855,0.41714153560013134
13,49,725.469279,0.3673469387755102,0.417154824624433
25,49,726.286583,0.24489795918367346,0.4170182675691653
3,49,727.126307,0.46938775510204084,0.41716559915025236
27,49,728.02485,0.22448979591836735,0.41698539388779804
33,49,728.901196,0.16326530612244897,0.41670531074687833
27,49,729.76766,0.22448979591836735,0.4165468104806418
29,49,730.66135,0.20408163265306123,0.41635326152212154
23,49,731.555722,0.2653061224489796,0.41620812841136967
29,49,732.468978,0.20408163265306123,0.4159983698836814
33,49,733.359839,0.16326530612244897,0.4157604288276772
17,49,734.249447,0.32653061224489793,0.4156903157510641
23,49,735.14588,0.2653061224489796,0.4156126972100561
29,49,736.034889,0.20408163265306123,0.415414354056269
31,49,736.933191,0.1836734693877551,0.41518433914279484
19,49,737.818491,0.30612244897959184,0.41510320053530453
13,49,738.645268,0.3673469387755102,0.41505904990098236
13,49,739.473349,0.3673469387755102,0.41506010740160326
21,49,740.311963,0.2857142857142857,0.4150129394472039
9,49,741.149889,0.40816326530612246,0.41508454043460014
29,49,742.002793,0.20408163265306123,0.4148903051927219
19,49,742.847237,0.30612244897959184,0.41479996292602395
23,49,743.684505,0.2653061224489796,0.4146839495661339
13,49,744.505156,0.3673469387755102,0.4146588479821709
31,49,745.345317,0.1836734693877551,0.41444032320645563
21,49,746.220016,0.2857142857142857,0.41431207284535104
31,49,747.096311,0.1836734693877551,0.4141087012752327
15,49,747.948497,0.3469387755102041,0.4141203903958224
29,49,748.788713,0.20408163265306123,0.4138607593445373
21,49,749.689375,0.2857142857142857,0.4137609115364369
13,49,750.557817,0.3673469387755102,0.4137667997693166
29,49,751.446915,0.20408163265306123,0.413532289949803
31,49,752.322592,0.1836734693877551,0.4132664248340544
33,49,753.190242,0.16326530612244897,0.4130127121737579
23,49,754.039888,0.2653061224489796,0.4129222399256301
27,49,754.927068,0.22448979591836735,0.41278281032063163
25,49,755.758463,0.24489795918367346,0.41266934633016816
11,49,756.586515,0.3877551020408163,0.41268500355940474
29,49,757.438498,0.20408163265306123,0.412491965757827
19,49,758.262864,0.30612244897959184,0.41242199762828596
17,49,759.087349,0.32653061224489793,0.41240576190610784
13,49,759.906804,0.3673469387755102,0.41241539973323915
13,49,760.74193,0.3673469387755102,0.41237851298855055
23,49,761.631956,0.2653061224489796,0.41223859429278675
33,49,762.491719,0.16326530612244897,0.41203375055206526
29,49,763.460709,0.20408163265306123,0.4118732633689315
29,49,764.878051,0.20408163265306123,0.4116548370738069
37,49,766.26329,0.12244897959183673,0.4113831829253024
27,49,767.725052,0.22448979591836735,0.41127029513147
19,49,769.068167,0.30612244897959184,0.4112356700880052
21,49,770.46446,0.2857142857142857,0.41108826755959316
17,49,771.369825,0.32653061224489793,0.41107423335111826
23,49,772.281724,0.2653061224489796,0.4109763960416903
25,49,773.123534,0.24489795918367346,0.41085429159069226
13,49,773.976572,0.3673469387755102,0.41086237841736645
23,49,774.836301,0.2653061224489796,0.41075728400565725
19,49,775.689099,0.30612244897959184,0.410695587021707
11,49,776.533204,0.3877551020408163,0.41074773377210827
27,49,777.420908,0.22448979591836735,0.41058482202922497
11,49,778.231549,0.3877551020408163,0.41061898195167507
17,49,779.127604,0.32653061224489793,0.41059548065191676
5,49,779.948533,0.4489795918367347,0.4107277664881261
29,49,780.838779,0.20408163265306123,0.4105451725264371
19,49,781.718413,0.30612244897959184,0.41046408726966954
31,49,782.603026,0.1836734693877551,0.41028507903725236
19,49,783.424412,0.30612244897959184,0.4102574029373448
23,49,784.296802,0.2653061224489796,0.4101275707495814
9,49,785.13334,0.40816326530612246,0.41016970380111467
29,49,786.022244,0.20408163265306123,0.41000929658348684
33,49,786.926415,0.16326530612244897,0.40976145572577716
11,49,787.764625,0.3877551020408163,0.40980464620594226
27,49,788.65022,0.22448979591836735,0.40967806111803506
23,49,789.544641,0.2653061224489796,0.4095879451090571
31,49,790.432518,0.1836734693877551,0.40938194021380514
23,49,791.334026,0.2653061224489796,0.4093210652369675
29,49,792.225604,0.20408163265306123,0.40913659001447095
19,49,793.122088,0.30612244897959184,0.4091623308666899
19,49,793.961555,0.30612244897959184,0.409112457574002
21,49,794.826944,0.2857142857142857,0.40903724124449226
23,49,795.649792,0.2653061224489796,0.4089194600147473
25,49,796.549968,0.24489795918367346,0.40878665631470745
39,49,797.439385,0.10204081632653061,0.4084851364927871
35,49,798.358651,0.14285714285714285,0.4082158773120814
23,49,799.198461,0.2653061224489796,0.4081537237046423
11,49,800.049783,0.3877551020408163,0.4081711147988385
21,49,800.89083,0.2857142857142857,0.4080654408505078
37,49,801.807086,0.12244897959183673,0.40778638831197944
31,49,802.663028,0.1836734693877551,0.40757755940067025
33,49,803.524031,0.16326530612244897,0.4073511986795911
25,49,804.360075,0.24489795918367346,0.4072183004604952
27,49,805.257789,0.22448979591836735,0.40702723610062574
29,49,806.137778,0.20408163265306123,0.4068535334575902
37,49,807.342807,0.12244897959183673,0.40655946434551665
27,49,808.187842,0.22448979591836735,0.4063847080324251
11,49,809.012809,0.3877551020408163,0.406443590405515
29,49,809.89421,0.20408163265306123,0.4062691930658529
29,49,810.746702,0.20408163265306123,0.40612619608326955
21,49,811.626532,0.2857142857142857,0.40597008433940174
21,49,812.473948,0.2857142857142857,0.40589397761856716
19,49,813.348634,0.30612244897959184,0.40584766479935463
7,49,814.200715,0.42857142857142855,0.4059234072431874
25,49,815.081839,0.24489795918367346,0.40582653382245554
23,49,815.952078,0.2653061224489796,0.4057190389915473
31,49,816.877097,0.1836734693877551,0.4054818163228276
15,49,817.749311,0.3469387755102041,0.405455106413123
41,49,818.709564,0.08163265306122448,0.40514346328491535
33,49,819.557618,0.16326530612244897,0.4049401613900398
9,49,820.417717,0.40816326530612246,0.40502831541218637
15,49,821.225276,0.3469387755102041,0.4050335244875374
23,49,822.0717,0.2653061224489796,0.4049367165116455
19,49,822.867993,0.30612244897959184,0.40486054296605656
25,49,823.753319,0.24489795918367346,0.40477643538603636
19,49,824.599863,0.30612244897959184,0.4047245391397846
29,49,825.479841,0.20408163265306123,0.40452193745830844
19,49,826.359842,0.30612244897959184,0.40445589108928504
11,49,827.258039,0.3877551020408163,0.40452774057508395
27,49,828.120143,0.22448979591836735,0.40437418201064135
21,49,828.979386,0.2857142857142857,0.4042909515642159
31,49,829.850118,0.1836734693877551,0.4041085749100286
35,49,830.771159,0.14285714285714285,0.4038862009505311
15,49,831.710089,0.3469387755102041,0.40385758050588194
33,49,833.156874,0.16326530612244897,0.40362660712356396
23,49,834.584919,0.2653061224489796,0.4035174966625577
23,49,835.998007,0.2653061224489796,0.40339394725169264
29,49,837.374284,0.20408163265306123,0.4032458107558307
25,49,838.832755,0.24489795918367346,0.4031183986787602
21,49,839.810016,0.2857142857142857,0.40305738291000986
9,49,840.675148,0.40816326530612246,0.4031468159825109
27,49,841.549722,0.22448979591836735,0.40303051647881444
23,49,842.419181,0.2653061224489796,0.4029820074093316
21,49,843.295877,0.2857142857142857,0.4028996080485912
31,49,844.21192,0.1836734693877551,0.40274004477649483
29,49,845.068929,0.20408163265306123,0.40258668710551554
27,49,845.956828,0.22448979591836735,0.40243264228562103
33,49,846.80729,0.16326530612244897,0.4022383105533988
29,49,847.680054,0.20408163265306123,0.40206445597549373
29,49,848.544473,0.20408163265306123,0.4018770281418693
15,49,849.428979,0.3469387755102041,0.40187518007213296
33,49,850.344463,0.16326530612244897,0.4016655010147586
15,49,851.201274,0.3469387755102041,0.40168707066396586
17,49,852.068938,0.32653061224489793,0.4016488027910482
29,49,852.937658,0.20408163265306123,0.4014904167007958
19,49,853.750851,0.30612244897959184,0.40145587745357814
19,49,854.577074,0.30612244897959184,0.40141202584425983
15,49,855.397322,0.3469387755102041,0.40143104281723935
21,49,856.234161,0.2857142857142857,0.4013603826583909
29,49,857.128679,0.20408163265306123,0.40121015781632463
15,49,857.960392,0.3469387755102041,0.401257301685768
23,49,858.841987,0.2653061224489796,0.4011416740183034
9,49,859.648315,0.40816326530612246,0.40120937196431594
9,49,860.492495,0.40816326530612246,0.4012369854966087
23,49,861.359483,0.2653061224489796,0.4011187240225359
23,49,862.236618,0.2653061224489796,0.4010233001515304
21,49,863.06302,0.2857142857142857,0.4009793253536453
23,49,863.934347,0.2653061224489796,0.4008695566195441
29,49,864.798257,0.20408163265306123,0.400731650330949
27,49,865.721059,0.22448979591836735,0.40060167689705656
13,49,866.566486,0.3673469387755102,0.40066417383395725
33,49,867.470008,0.16326530612244897,0.4004594318486224
19,49,868.305948,0.30612244897959184,0.40043874033769034
27,49,869.191523,0.22448979591836735,0.40029726209884525
21,49,870.028208,0.2857142857142857,0.40020887891047247
9,49,870.860817,0.40816326530612246,0.40021921631856555
21,49,871.716954,0.2857142857142857,0.40016172053354265
17,49,872.5775,0.32653061224489793,0.4001232833452096
11,49,873.40963,0.3877551020408163,0.4001526905387482
17,49,874.271174,0.32653061224489793,0.4001356916063125
25,49,875.114959,0.24489795918367346,0.4000643820350576
31,49,875.975972,0.1836734693877551,0.39987077238198154
21,49,876.804659,0.2857142857142857,0.39981887353841755
21,49,877.663558,0.2857142857142857,0.3997267383964406
37,49,878.541671,0.12244897959183673,0.39949378842352545
17,49,879.386504,0.32653061224489793,0.3994557234033583
21,49,880.217014,0.2857142857142857,0.39939288855283045
33,49,881.132131,0.16326530612244897,0.39920062090809144
23,49,882.000643,0.2653061224489796,0.399109486874006
23,49,882.876272,0.2653061224489796,0.3990084605808921
29,49,883.734694,0.20408163265306123,0.3988322255668487
31,49,884.605784,0.1836734693877551,0.3986427222190624
19,49,885.476528,0.30612244897959184,0.39858083916897186
9,49,886.317755,0.40816326530612246,0.39866666976475856
13,49,887.162172,0.3673469387755102,0.39873295154973853
29,49,888.071512,0.20408163265306123,0.39857897636342376
25,49,888.923411,0.24489795918367346,0.3984885569544515
23,49,889.768116,0.2653061224489796,0.3983925519147543
13,49,890.589524,0.3673469387755102,0.39840631923554054
7,49,891.414866,0.42857142857142855,0.398489624250479
25,49,892.273043,0.24489795918367346,0.3983915278343142
23,49,893.112452,0.2653061224489796,0.3983131595548116
23,49,893.941954,0.2653061224489796,0.3982213445235528
33,49,894.81615,0.16326530612244897,0.3980278204224982
11,49,895.62325,0.3877551020408163,0.3981041938375795
29,49,896.480694,0.20408163265306123,0.39797022999621884
13,49,897.326955,0.3673469387755102,0.3979874537722711
29,49,898.209953,0.20408163265306123,0.39784913508852027
21,49,899.072622,0.2857142857142857,0.3977892532599687
23,49,899.923612,0.2653061224489796,0.39768093885888867
19,49,900.821091,0.30612244897959184,0.39765615034618157
23,49,902.018717,0.2653061224489796,0.3975759902515556
17,49,903.366337,0.32653061224489793,0.397551136284094
19,49,904.682217,0.30612244897959184,0.3975173763168225
19,49,906.044174,0.30612244897959184,0.39746381402602465
19,49,907.402099,0.30612244897959184,0.3974282119032913
-3,49,908.670789,0.5306122448979592,0.39764526465809136
11,49,909.516889,0.3877551020408163,0.39767496018534504
11,49,910.325706,0.3877551020408163,0.39770442952889845
21,49,911.16307,0.2857142857142857,0.3976562896467594
11,49,911.997674,0.3877551020408163,0.3976929833626124
9,49,912.856157,0.40816326530612246,0.39780517500466167
19,49,913.72376,0.30612244897959184,0.3977533217251411
25,49,914.54155,0.24489795918367346,0.3976554207006951
19,49,915.376786,0.30612244897959184,0.397626715007668
21,49,916.21781,0.2857142857142857,0.3975577346703665
25,49,917.104234,0.24489795918367346,0.3974760865119806
15,49,917.941279,0.3469387755102041,0.39746565170445086
